1;globals;Period;NumPeriods;RepeatTreatment;;;;;;;;;;;;;;;;;;;;;;;;;;;;;;;;;;;;;;;;;;;;;;;;;;;;;
1;globals;1;1;0;;;;;;;;;;;;;;;;;;;;;;;;;;;;;;;;;;;;;;;;;;;;;;;;;;;;;
1;subjects;Period;Subject;Group;Profit;TotalProfit;Participate;;;;;;;;;;;;;;;;;;;;;;;;;;;;;;;;;;;;;;;;;;;;;;;;;;
1;subjects;1;1;1;0;0;1;;;;;;;;;;;;;;;;;;;;;;;;;;;;;;;;;;;;;;;;;;;;;;;;;;
1;subjects;1;2;1;0;0;1;;;;;;;;;;;;;;;;;;;;;;;;;;;;;;;;;;;;;;;;;;;;;;;;;;
1;subjects;1;3;1;0;0;1;;;;;;;;;;;;;;;;;;;;;;;;;;;;;;;;;;;;;;;;;;;;;;;;;;
1;subjects;1;4;1;0;0;1;;;;;;;;;;;;;;;;;;;;;;;;;;;;;;;;;;;;;;;;;;;;;;;;;;
1;subjects;1;5;1;0;0;1;;;;;;;;;;;;;;;;;;;;;;;;;;;;;;;;;;;;;;;;;;;;;;;;;;
1;subjects;1;6;1;0;0;1;;;;;;;;;;;;;;;;;;;;;;;;;;;;;;;;;;;;;;;;;;;;;;;;;;
1;subjects;1;7;1;0;0;1;;;;;;;;;;;;;;;;;;;;;;;;;;;;;;;;;;;;;;;;;;;;;;;;;;
1;subjects;1;8;1;0;0;1;;;;;;;;;;;;;;;;;;;;;;;;;;;;;;;;;;;;;;;;;;;;;;;;;;
1;subjects;1;9;1;0;0;1;;;;;;;;;;;;;;;;;;;;;;;;;;;;;;;;;;;;;;;;;;;;;;;;;;
1;subjects;1;10;1;0;0;1;;;;;;;;;;;;;;;;;;;;;;;;;;;;;;;;;;;;;;;;;;;;;;;;;;
1;subjects;1;11;1;0;0;1;;;;;;;;;;;;;;;;;;;;;;;;;;;;;;;;;;;;;;;;;;;;;;;;;;
1;subjects;1;12;1;0;0;1;;;;;;;;;;;;;;;;;;;;;;;;;;;;;;;;;;;;;;;;;;;;;;;;;;
1;summary;Period;;;;;;;;;;;;;;;;;;;;;;;;;;;;;;;;;;;;;;;;;;;;;;;;;;;;;;;
1;summary;1;;;;;;;;;;;;;;;;;;;;;;;;;;;;;;;;;;;;;;;;;;;;;;;;;;;;;;;
1;session;Subject;FinalProfit;ShowUpFee;ShowUpFeeInvested;MoneyAdded;MoneyToPay;MoneyEarned;;;;;;;;;;;;;;;;;;;;;;;;;;;;;;;;;;;;;;;;;;;;;;;;;
1;session;1;0;0;0;0;0;0;;;;;;;;;;;;;;;;;;;;;;;;;;;;;;;;;;;;;;;;;;;;;;;;;
1;session;2;0;0;0;0;0;0;;;;;;;;;;;;;;;;;;;;;;;;;;;;;;;;;;;;;;;;;;;;;;;;;
1;session;3;0;0;0;0;0;0;;;;;;;;;;;;;;;;;;;;;;;;;;;;;;;;;;;;;;;;;;;;;;;;;
1;session;4;0;0;0;0;0;0;;;;;;;;;;;;;;;;;;;;;;;;;;;;;;;;;;;;;;;;;;;;;;;;;
1;session;5;0;0;0;0;0;0;;;;;;;;;;;;;;;;;;;;;;;;;;;;;;;;;;;;;;;;;;;;;;;;;
1;session;6;0;0;0;0;0;0;;;;;;;;;;;;;;;;;;;;;;;;;;;;;;;;;;;;;;;;;;;;;;;;;
1;session;7;0;0;0;0;0;0;;;;;;;;;;;;;;;;;;;;;;;;;;;;;;;;;;;;;;;;;;;;;;;;;
1;session;8;0;0;0;0;0;0;;;;;;;;;;;;;;;;;;;;;;;;;;;;;;;;;;;;;;;;;;;;;;;;;
1;session;9;0;0;0;0;0;0;;;;;;;;;;;;;;;;;;;;;;;;;;;;;;;;;;;;;;;;;;;;;;;;;
1;session;10;0;0;0;0;0;0;;;;;;;;;;;;;;;;;;;;;;;;;;;;;;;;;;;;;;;;;;;;;;;;;
1;session;11;0;0;0;0;0;0;;;;;;;;;;;;;;;;;;;;;;;;;;;;;;;;;;;;;;;;;;;;;;;;;
1;session;12;0;0;0;0;0;0;;;;;;;;;;;;;;;;;;;;;;;;;;;;;;;;;;;;;;;;;;;;;;;;;
3;globals;Period;NumPeriods;RepeatTreatment;AuctionStop;AuctionNoStop;;;;;;;;;;;;;;;;;;;;;;;;;;;;;;;;;;;;;;;;;;;;;;;;;;;
3;globals;1;5;0;0;0;;;;;;;;;;;;;;;;;;;;;;;;;;;;;;;;;;;;;;;;;;;;;;;;;;;
3;subjects;Period;Subject;Group;Profit;TotalProfit;Participate;Time_Start;Time_SetValue_Start;Time_SetValue_End;Time_ShowOwnRes_Start;Time_ShowOwnRes_End;Time_ShowRes_Start;Time_ShowRes_End;T_Money;CP;d;SumP;LP;Profitchoice;TimeAEueProfitDisplayOK;vs1;vs2;vs3;vs4;vs5;vs6;vs7;vs8;vs9;vs10;vs11;vs12;fs1;fs2;fs3;fs4;fs5;fs6;fs7;fs8;fs9;fs10;fs11;fs12;Stock1;Risk1;p;Th1;Stock2;Risk2;Th2;TimeAEueIndividualExtractionOK;TimeIndividualExtractionOK;TimeProfitchoiceExtractionFromCommonPoolOK;;
3;subjects;1;1;1;4;4;1;9508.234;9508.625;9512.296;9523.514999999999;9535.953;9538.375;9555.187;4;120;0;0;120;5;-5;4;4;3;4;4;3;4;0;3;1;4;2;4;4;3;4;4;3;4;0;3;1;4;2;22;17;0.53;11.66;0;92;0;-4;0;29;;
3;subjects;1;2;1;4;4;1;9508.234;9508.625;9511.968000000001;9523.514999999999;9528.187;9538.375;9551.843000000001;4;120;0;0;120;5;3;4;4;3;4;4;3;4;0;3;1;4;2;4;4;3;4;4;3;4;0;3;1;4;2;22;17;0.53;11.66;0;92;0;-1;-;29;;
3;subjects;1;3;1;3;3;1;9508.234;9508.625;9513.25;9523.514999999999;9529.718000000001;9538.389999999999;9546.984;3;120;0;0;120;4;1;4;4;3;4;4;3;4;0;3;1;4;2;4;4;3;4;4;3;4;0;3;1;4;2;22;17;0.53;11.66;0;92;0;4;-;28;;
3;subjects;1;4;1;4;4;1;9508.234;9508.625;9512.531000000001;9523.514999999999;9529.312;9538.389999999999;9548;4;120;1;0;120;5;2;4;4;3;4;4;3;4;0;3;1;4;2;4;4;3;4;4;3;4;0;3;1;4;2;22;17;0.53;11.66;0;92;0;3;-;28;;
3;subjects;1;5;1;4;4;1;9508.234;9508.625;9518.171;9523.514999999999;9528.031000000001;9538.389999999999;9557.609;4;120;1;0;120;5;3;4;4;3;4;4;3;4;0;3;1;4;2;4;4;3;4;4;3;4;0;3;1;4;2;22;17;0.53;11.66;0;92;0;-7;-;23;;
3;subjects;1;6;1;3;3;1;9508.234;9508.625;9523.406000000001;9523.514999999999;9528.889999999999;9538.389999999999;9550.843000000001;3;120;1;0;120;4;2;4;4;3;4;4;3;4;0;3;1;4;2;4;4;3;4;4;3;4;0;3;1;4;2;22;17;0.53;11.66;0;92;0;0;-;18;;
3;subjects;1;7;2;4;4;1;9508.234;9508.625;9512.889999999999;9523.514999999999;9530.514999999999;9538.389999999999;9548.843000000001;4;120;1;0;120;5;0;4;4;3;4;4;3;4;0;3;1;4;2;4;4;3;4;4;3;4;0;3;1;4;2;0;17;0.53;0;14;17;7.42;2;-;28;;
3;subjects;1;8;2;0;0;1;9508.234;9508.625;9513.796;9523.514999999999;9536.453;9538.389999999999;9556.218000000001;0;120;1;0;120;1;-5;4;4;3;4;4;3;4;0;3;1;4;2;4;4;3;4;4;3;4;0;3;1;4;2;0;17;0.53;0;14;17;7.42;-5;-;27;;
3;subjects;1;9;2;3;3;1;9508.234;9508.625;9514.703;9523.514999999999;9537.109;9538.389999999999;9554.25;3;120;1;0;120;4;-6;4;4;3;4;4;3;4;0;3;1;4;2;4;4;3;4;4;3;4;0;3;1;4;2;0;17;0.53;0;14;17;7.42;-3;-;26;;
3;subjects;1;10;2;1;1;1;9508.234;9508.625;9516.484;9523.514999999999;9536.953;9538.389999999999;9554.875;1;120;1;0;120;2;-6;4;4;3;4;4;3;4;0;3;1;4;2;4;4;3;4;4;3;4;0;3;1;4;2;0;17;0.53;0;14;17;7.42;-4;-;24;;
3;subjects;1;11;2;4;4;1;9508.234;9508.625;9514.421;9523.514999999999;9538.264999999999;9538.389999999999;9555.031000000001;4;120;1;0;120;5;-7;4;4;3;4;4;3;4;0;3;1;4;2;4;4;3;4;4;3;4;0;3;1;4;2;0;17;0.53;0;14;17;7.42;-4;-;26;;
3;subjects;1;12;2;2;2;1;9508.234;9508.625;9513.406000000001;9523.514999999999;9530.734;9538.389999999999;9549.139999999999;2;120;1;0;120;3;0;4;4;3;4;4;3;4;0;3;1;4;2;4;4;3;4;4;3;4;0;3;1;4;2;0;17;0.53;0;14;17;7.42;2;-;28;;
3;contracts;Period;Who;Profit;TotalProfit;Group;;;;;;;;;;;;;;;;;;;;;;;;;;;;;;;;;;;;;;;;;;;;;;;;;;;
3;contracts;1;1;0;0;1;;;;;;;;;;;;;;;;;;;;;;;;;;;;;;;;;;;;;;;;;;;;;;;;;;;
3;contracts;1;2;0;0;1;;;;;;;;;;;;;;;;;;;;;;;;;;;;;;;;;;;;;;;;;;;;;;;;;;;
3;contracts;1;3;0;0;1;;;;;;;;;;;;;;;;;;;;;;;;;;;;;;;;;;;;;;;;;;;;;;;;;;;
3;contracts;1;4;0;0;1;;;;;;;;;;;;;;;;;;;;;;;;;;;;;;;;;;;;;;;;;;;;;;;;;;;
3;contracts;1;5;0;0;1;;;;;;;;;;;;;;;;;;;;;;;;;;;;;;;;;;;;;;;;;;;;;;;;;;;
3;contracts;1;6;0;0;1;;;;;;;;;;;;;;;;;;;;;;;;;;;;;;;;;;;;;;;;;;;;;;;;;;;
3;contracts;1;7;0;0;2;;;;;;;;;;;;;;;;;;;;;;;;;;;;;;;;;;;;;;;;;;;;;;;;;;;
3;contracts;1;8;0;0;2;;;;;;;;;;;;;;;;;;;;;;;;;;;;;;;;;;;;;;;;;;;;;;;;;;;
3;contracts;1;9;0;0;2;;;;;;;;;;;;;;;;;;;;;;;;;;;;;;;;;;;;;;;;;;;;;;;;;;;
3;contracts;1;10;0;0;2;;;;;;;;;;;;;;;;;;;;;;;;;;;;;;;;;;;;;;;;;;;;;;;;;;;
3;contracts;1;11;0;0;2;;;;;;;;;;;;;;;;;;;;;;;;;;;;;;;;;;;;;;;;;;;;;;;;;;;
3;contracts;1;12;0;0;2;;;;;;;;;;;;;;;;;;;;;;;;;;;;;;;;;;;;;;;;;;;;;;;;;;;
3;globals;Period;NumPeriods;RepeatTreatment;AuctionStop;AuctionNoStop;;;;;;;;;;;;;;;;;;;;;;;;;;;;;;;;;;;;;;;;;;;;;;;;;;;
3;globals;2;5;0;0;0;;;;;;;;;;;;;;;;;;;;;;;;;;;;;;;;;;;;;;;;;;;;;;;;;;;
3;subjects;Period;Subject;Group;Profit;TotalProfit;Participate;Time_Start;Time_SetValue_Start;Time_SetValue_End;Time_ShowOwnRes_Start;Time_ShowOwnRes_End;Time_ShowRes_Start;Time_ShowRes_End;T_Money;CP;d;SumP;LP;Profitchoice;TimeAEueProfitDisplayOK;vs1;vs2;vs3;vs4;vs5;vs6;vs7;vs8;vs9;vs10;vs11;vs12;fs1;fs2;fs3;fs4;fs5;fs6;fs7;fs8;fs9;fs10;fs11;fs12;Stock1;Risk1;p;Th1;Stock2;Risk2;Th2;TimeAEueIndividualExtractionOK;TimeIndividualExtractionOK;TimeProfitchoiceExtractionFromCommonPoolOK;;
3;subjects;2;1;1;4;8;1;9562.514999999999;9562.843000000001;9569.359;9572;9575.812;9582.359;9589.764999999999;8;120;0;22;98;5;4;8;8;6;8;8;7;8;0;6;4;8;3;4;4;3;4;4;4;4;0;3;3;4;1;45;50;0.53;23.85;0;92;0;5;-;26;;
3;subjects;2;2;1;4;8;1;9562.514999999999;9562.843000000001;9565.609;9572;9574.859;9582.359;9589.593000000001;8;120;0;22;98;5;5;8;8;6;8;8;7;8;0;6;4;8;3;4;4;3;4;4;4;4;0;3;3;4;1;45;50;0.53;23.85;0;92;0;5;-;30;;
3;subjects;2;3;1;3;6;1;9562.514999999999;9562.843000000001;9565.109;9572;9577.281000000001;9582.359;9589.421;6;120;0;22;98;4;4;8;8;6;8;8;7;8;0;6;4;8;3;4;4;3;4;4;4;4;0;3;3;4;1;45;50;0.53;23.85;0;92;0;5;-;30;;
3;subjects;2;4;1;4;8;1;9562.514999999999;9562.843000000001;9565.906000000001;9572;9575.031000000001;9582.359;9590.718000000001;8;120;1;22;98;5;5;8;8;6;8;8;7;8;0;6;4;8;3;4;4;3;4;4;4;4;0;3;3;4;1;45;50;0.53;23.85;0;92;0;4;-;30;;
3;subjects;2;5;1;4;8;1;9562.514999999999;9562.843000000001;9564.671;9572;9576.953;9582.359;9593.359;8;120;1;22;98;5;4;8;8;6;8;8;7;8;0;6;4;8;3;4;4;3;4;4;4;4;0;3;3;4;1;45;50;0.53;23.85;0;92;0;1;-;30;;
3;subjects;2;6;1;4;7;1;9562.514999999999;9562.843000000001;9565.264999999999;9572;9575.968000000001;9582.359;9590.109;7;120;1;22;98;5;4;8;8;6;8;8;7;8;0;6;4;8;3;4;4;3;4;4;4;4;0;3;3;4;1;45;50;0.53;23.85;0;92;0;5;-;30;;
3;subjects;2;7;2;4;8;1;9562.514999999999;9562.843000000001;9565.421;9572;9576.296;9582.375;9595;8;120;1;14;106;5;4;8;8;6;8;8;7;8;0;6;4;8;3;4;4;3;4;4;4;4;0;3;3;4;1;0;17;0.53;0;29;17;15.37;0;-;30;;
3;subjects;2;8;2;0;0;1;9562.514999999999;9562.843000000001;9571.889999999999;9572;9576.781000000001;9582.375;9592.764999999999;0;120;1;14;106;1;4;8;8;6;8;8;7;8;0;6;4;8;3;4;4;3;4;4;4;4;0;3;3;4;1;0;17;0.53;0;29;17;15.37;2;-;23;;
3;subjects;2;9;2;3;6;1;9562.514999999999;9562.843000000001;9567.156000000001;9572;9576.625;9582.375;9588.5;6;120;1;14;106;4;4;8;8;6;8;8;7;8;0;6;4;8;3;4;4;3;4;4;4;4;0;3;3;4;1;0;17;0.53;0;29;17;15.37;6;-;28;;
3;subjects;2;10;2;3;4;1;9562.514999999999;9562.843000000001;9569.812;9572;9582.25;9582.375;9589.25;4;120;1;14;106;4;-3;8;8;6;8;8;7;8;0;6;4;8;3;4;4;3;4;4;4;4;0;3;3;4;1;0;17;0.53;0;29;17;15.37;5;-;25;;
3;subjects;2;11;2;4;8;1;9562.514999999999;9562.843000000001;9571.389999999999;9572;9576.453;9582.375;9590.546;8;120;1;14;106;5;4;8;8;6;8;8;7;8;0;6;4;8;3;4;4;3;4;4;4;4;0;3;3;4;1;0;17;0.53;0;29;17;15.37;4;-;24;;
3;subjects;2;12;2;1;3;1;9562.514999999999;9562.843000000001;9566.109;9572;9577.109;9582.375;9595.625;3;120;1;14;106;2;4;8;8;6;8;8;7;8;0;6;4;8;3;4;4;3;4;4;4;4;0;3;3;4;1;0;17;0.53;0;29;17;15.37;-1;-;30;;
3;contracts;Period;Who;Profit;TotalProfit;Group;;;;;;;;;;;;;;;;;;;;;;;;;;;;;;;;;;;;;;;;;;;;;;;;;;;
3;contracts;2;1;0;0;1;;;;;;;;;;;;;;;;;;;;;;;;;;;;;;;;;;;;;;;;;;;;;;;;;;;
3;contracts;2;2;0;0;1;;;;;;;;;;;;;;;;;;;;;;;;;;;;;;;;;;;;;;;;;;;;;;;;;;;
3;contracts;2;3;0;0;1;;;;;;;;;;;;;;;;;;;;;;;;;;;;;;;;;;;;;;;;;;;;;;;;;;;
3;contracts;2;4;0;0;1;;;;;;;;;;;;;;;;;;;;;;;;;;;;;;;;;;;;;;;;;;;;;;;;;;;
3;contracts;2;5;0;0;1;;;;;;;;;;;;;;;;;;;;;;;;;;;;;;;;;;;;;;;;;;;;;;;;;;;
3;contracts;2;6;0;0;1;;;;;;;;;;;;;;;;;;;;;;;;;;;;;;;;;;;;;;;;;;;;;;;;;;;
3;contracts;2;7;0;0;2;;;;;;;;;;;;;;;;;;;;;;;;;;;;;;;;;;;;;;;;;;;;;;;;;;;
3;contracts;2;8;0;0;2;;;;;;;;;;;;;;;;;;;;;;;;;;;;;;;;;;;;;;;;;;;;;;;;;;;
3;contracts;2;9;0;0;2;;;;;;;;;;;;;;;;;;;;;;;;;;;;;;;;;;;;;;;;;;;;;;;;;;;
3;contracts;2;10;0;0;2;;;;;;;;;;;;;;;;;;;;;;;;;;;;;;;;;;;;;;;;;;;;;;;;;;;
3;contracts;2;11;0;0;2;;;;;;;;;;;;;;;;;;;;;;;;;;;;;;;;;;;;;;;;;;;;;;;;;;;
3;contracts;2;12;0;0;2;;;;;;;;;;;;;;;;;;;;;;;;;;;;;;;;;;;;;;;;;;;;;;;;;;;
3;globals;Period;NumPeriods;RepeatTreatment;AuctionStop;AuctionNoStop;;;;;;;;;;;;;;;;;;;;;;;;;;;;;;;;;;;;;;;;;;;;;;;;;;;
3;globals;3;5;0;0;0;;;;;;;;;;;;;;;;;;;;;;;;;;;;;;;;;;;;;;;;;;;;;;;;;;;
3;subjects;Period;Subject;Group;Profit;TotalProfit;Participate;Time_Start;Time_SetValue_Start;Time_SetValue_End;Time_ShowOwnRes_Start;Time_ShowOwnRes_End;Time_ShowRes_Start;Time_ShowRes_End;T_Money;CP;d;SumP;LP;Profitchoice;TimeAEueProfitDisplayOK;vs1;vs2;vs3;vs4;vs5;vs6;vs7;vs8;vs9;vs10;vs11;vs12;fs1;fs2;fs3;fs4;fs5;fs6;fs7;fs8;fs9;fs10;fs11;fs12;Stock1;Risk1;p;Th1;Stock2;Risk2;Th2;TimeAEueIndividualExtractionOK;TimeIndividualExtractionOK;TimeProfitchoiceExtractionFromCommonPoolOK;;
3;subjects;3;1;1;4;12;1;9600.389999999999;9600.764999999999;9603;9605.484;9607.343000000001;9616.421;9619.218000000001;12;120;0;45;75;5;5;12;12;10;12;12;11;12;0;8;6;12;6;4;4;4;4;4;4;4;0;2;2;4;3;69;75;0.53;36.57;0;92;0;9;-;30;;
3;subjects;3;2;1;4;12;1;9600.389999999999;9600.764999999999;9603.359;9605.484;9607.703;9616.437;9622.514999999999;12;120;0;45;75;5;5;12;12;10;12;12;11;12;0;8;6;12;6;4;4;4;4;4;4;4;0;2;2;4;3;69;75;0.53;36.57;0;92;0;6;-;30;;
3;subjects;3;3;1;4;10;1;9600.389999999999;9600.764999999999;9604.296;9605.484;9608.234;9616.437;9619.375;10;120;0;45;75;5;5;12;12;10;12;12;11;12;0;8;6;12;6;4;4;4;4;4;4;4;0;2;2;4;3;69;75;0.53;36.57;0;92;0;9;-;30;;
3;subjects;3;4;1;4;12;1;9600.389999999999;9600.764999999999;9603.828;9605.484;9610.639999999999;9616.437;9623.234;12;120;1;45;75;5;2;12;12;10;12;12;11;12;0;8;6;12;6;4;4;4;4;4;4;4;0;2;2;4;3;69;75;0.53;36.57;0;92;0;5;-;30;;
3;subjects;3;5;1;4;12;1;9600.389999999999;9600.764999999999;9603.187;9605.484;9611.046;9616.437;9623.514999999999;12;120;1;45;75;5;2;12;12;10;12;12;11;12;0;8;6;12;6;4;4;4;4;4;4;4;0;2;2;4;3;69;75;0.53;36.57;0;92;0;5;-;30;;
3;subjects;3;6;1;4;11;1;9600.389999999999;9600.764999999999;9603.984;9605.484;9610.421;9616.437;9622.359;11;120;1;45;75;5;2;12;12;10;12;12;11;12;0;8;6;12;6;4;4;4;4;4;4;4;0;2;2;4;3;69;75;0.53;36.57;0;92;0;6;-;30;;
3;subjects;3;7;2;4;12;1;9600.389999999999;9600.764999999999;9605.187;9605.484;9608.812;9616.437;9624.171;12;120;1;29;91;5;4;12;12;10;12;12;11;12;0;8;6;12;6;4;4;4;4;4;4;4;0;2;2;4;3;0;17;0.53;0;44;50;23.32;5;-;28;;
3;subjects;3;8;2;0;0;1;9600.389999999999;9600.764999999999;9604.889999999999;9605.484;9616.328;9616.437;9630.343000000001;0;120;1;29;91;1;-3;12;12;10;12;12;11;12;0;8;6;12;6;4;4;4;4;4;4;4;0;2;2;4;3;0;17;0.53;0;44;50;23.32;-2;-;28;;
3;subjects;3;9;2;2;8;1;9600.389999999999;9600.764999999999;9605.031000000001;9605.484;9609.203;9616.437;9625.062;8;120;1;29;91;3;4;12;12;10;12;12;11;12;0;8;6;12;6;4;4;4;4;4;4;4;0;2;2;4;3;0;17;0.53;0;44;50;23.32;4;-;28;;
3;subjects;3;10;2;2;6;1;9600.389999999999;9600.764999999999;9605.359;9605.484;9611.5;9616.437;9626.281000000001;6;120;1;29;91;3;1;12;12;10;12;12;11;12;0;8;6;12;6;4;4;4;4;4;4;4;0;2;2;4;3;0;17;0.53;0;44;50;23.32;2;-;28;;
3;subjects;3;11;2;4;12;1;9600.389999999999;9600.764999999999;9604.139999999999;9605.484;9607.875;9616.437;9621;12;120;1;29;91;5;5;12;12;10;12;12;11;12;0;8;6;12;6;4;4;4;4;4;4;4;0;2;2;4;3;0;17;0.53;0;44;50;23.32;8;-;30;;
3;subjects;3;12;2;3;6;1;9600.389999999999;9600.764999999999;9603.578;9605.484;9609.062;9616.437;9631.062;6;120;1;29;91;4;4;12;12;10;12;12;11;12;0;8;6;12;6;4;4;4;4;4;4;4;0;2;2;4;3;0;17;0.53;0;44;50;23.32;-2;-;30;;
3;contracts;Period;Who;Profit;TotalProfit;Group;;;;;;;;;;;;;;;;;;;;;;;;;;;;;;;;;;;;;;;;;;;;;;;;;;;
3;contracts;3;1;0;0;1;;;;;;;;;;;;;;;;;;;;;;;;;;;;;;;;;;;;;;;;;;;;;;;;;;;
3;contracts;3;2;0;0;1;;;;;;;;;;;;;;;;;;;;;;;;;;;;;;;;;;;;;;;;;;;;;;;;;;;
3;contracts;3;3;0;0;1;;;;;;;;;;;;;;;;;;;;;;;;;;;;;;;;;;;;;;;;;;;;;;;;;;;
3;contracts;3;4;0;0;1;;;;;;;;;;;;;;;;;;;;;;;;;;;;;;;;;;;;;;;;;;;;;;;;;;;
3;contracts;3;5;0;0;1;;;;;;;;;;;;;;;;;;;;;;;;;;;;;;;;;;;;;;;;;;;;;;;;;;;
3;contracts;3;6;0;0;1;;;;;;;;;;;;;;;;;;;;;;;;;;;;;;;;;;;;;;;;;;;;;;;;;;;
3;contracts;3;7;0;0;2;;;;;;;;;;;;;;;;;;;;;;;;;;;;;;;;;;;;;;;;;;;;;;;;;;;
3;contracts;3;8;0;0;2;;;;;;;;;;;;;;;;;;;;;;;;;;;;;;;;;;;;;;;;;;;;;;;;;;;
3;contracts;3;9;0;0;2;;;;;;;;;;;;;;;;;;;;;;;;;;;;;;;;;;;;;;;;;;;;;;;;;;;
3;contracts;3;10;0;0;2;;;;;;;;;;;;;;;;;;;;;;;;;;;;;;;;;;;;;;;;;;;;;;;;;;;
3;contracts;3;11;0;0;2;;;;;;;;;;;;;;;;;;;;;;;;;;;;;;;;;;;;;;;;;;;;;;;;;;;
3;contracts;3;12;0;0;2;;;;;;;;;;;;;;;;;;;;;;;;;;;;;;;;;;;;;;;;;;;;;;;;;;;
3;globals;Period;NumPeriods;RepeatTreatment;AuctionStop;AuctionNoStop;;;;;;;;;;;;;;;;;;;;;;;;;;;;;;;;;;;;;;;;;;;;;;;;;;;
3;globals;4;5;0;0;0;;;;;;;;;;;;;;;;;;;;;;;;;;;;;;;;;;;;;;;;;;;;;;;;;;;
3;subjects;Period;Subject;Group;Profit;TotalProfit;Participate;Time_Start;Time_SetValue_Start;Time_SetValue_End;Time_ShowOwnRes_Start;Time_ShowOwnRes_End;Time_ShowRes_Start;Time_ShowRes_End;T_Money;CP;d;SumP;LP;Profitchoice;TimeAEueProfitDisplayOK;vs1;vs2;vs3;vs4;vs5;vs6;vs7;vs8;vs9;vs10;vs11;vs12;fs1;fs2;fs3;fs4;fs5;fs6;fs7;fs8;fs9;fs10;fs11;fs12;Stock1;Risk1;p;Th1;Stock2;Risk2;Th2;TimeAEueIndividualExtractionOK;TimeIndividualExtractionOK;TimeProfitchoiceExtractionFromCommonPoolOK;;
3;subjects;4;1;1;4;16;1;9635.484;9635.781000000001;9662.062;9662.156000000001;9664.109;9667.062;9678.343000000001;16;120;0;69;51;5;5;16;16;14;16;16;15;16;0;10;6;16;8;4;4;4;4;4;4;4;0;2;0;4;2;93;92;0.53;49.29;0;92;0;1;-;6;;
3;subjects;4;2;1;4;16;1;9635.484;9635.781000000001;9637.875;9662.156000000001;9666.937;9667.062;9668.889999999999;16;120;0;69;51;5;2;16;16;14;16;16;15;16;0;10;6;16;8;4;4;4;4;4;4;4;0;2;0;4;2;93;92;0.53;49.29;0;92;0;99999;-;30;;
3;subjects;4;3;1;4;14;1;9635.484;9635.781000000001;9640.484;9662.156000000001;9664.312;9667.062;9670.031000000001;14;120;0;69;51;5;5;16;16;14;16;16;15;16;0;10;6;16;8;4;4;4;4;4;4;4;0;2;0;4;2;93;92;0.53;49.29;0;92;0;9;-;28;;
3;subjects;4;4;1;4;16;1;9635.484;9635.781000000001;9638.328;9662.156000000001;9665.843000000001;9667.062;9669.593000000001;16;120;1;69;51;5;4;16;16;14;16;16;15;16;0;10;6;16;8;4;4;4;4;4;4;4;0;2;0;4;2;93;92;0.53;49.29;0;92;0;10;-;30;;
3;subjects;4;5;1;4;16;1;9635.484;9635.781000000001;9639.375;9662.156000000001;9665.187;9667.062;9678.187;16;120;1;69;51;5;4;16;16;14;16;16;15;16;0;10;6;16;8;4;4;4;4;4;4;4;0;2;0;4;2;93;92;0.53;49.29;0;92;0;1;-;29;;
3;subjects;4;6;1;4;15;1;9635.484;9635.781000000001;9638.546;9662.156000000001;9665.531000000001;9667.062;9669.828;15;120;1;69;51;5;4;16;16;14;16;16;15;16;0;10;6;16;8;4;4;4;4;4;4;4;0;2;0;4;2;93;92;0.53;49.29;0;92;0;10;-;30;;
3;subjects;4;7;2;4;16;1;9635.484;9635.781000000001;9638.671;9662.156000000001;9665.656000000001;9667.062;9675.843000000001;16;120;1;44;76;5;4;16;16;14;16;16;15;16;0;10;6;16;8;4;4;4;4;4;4;4;0;2;0;4;2;0;17;0.53;0;56;50;29.68;4;-;30;;
3;subjects;4;8;2;0;0;1;9635.484;9635.781000000001;9639.218000000001;9662.156000000001;9664.671;9667.062;9673.906000000001;0;120;1;44;76;1;5;16;16;14;16;16;15;16;0;10;6;16;8;4;4;4;4;4;4;4;0;2;0;4;2;0;17;0.53;0;56;50;29.68;6;-;29;;
3;subjects;4;9;2;2;10;1;9635.484;9635.781000000001;9643.546;9662.156000000001;9665.984;9667.078;9674.843000000001;10;120;1;44;76;3;3;16;16;14;16;16;15;16;0;10;6;16;8;4;4;4;4;4;4;4;0;2;0;4;2;0;17;0.53;0;56;50;29.68;5;-;25;;
3;subjects;4;10;2;0;6;1;9635.484;9635.781000000001;9641.125;9662.156000000001;9666.109;9667.078;9675.203;6;120;1;44;76;1;3;16;16;14;16;16;15;16;0;10;6;16;8;4;4;4;4;4;4;4;0;2;0;4;2;0;17;0.53;0;56;50;29.68;4;-;27;;
3;subjects;4;11;2;4;16;1;9635.484;9635.781000000001;9640.187;9662.156000000001;9665.406000000001;9667.078;9671.375;16;120;1;44;76;5;4;16;16;14;16;16;15;16;0;10;6;16;8;4;4;4;4;4;4;4;0;2;0;4;2;0;17;0.53;0;56;50;29.68;8;-;28;;
3;subjects;4;12;2;2;8;1;9635.484;9635.781000000001;9638.031000000001;9662.156000000001;9664.968000000001;9667.078;9680.093000000001;8;120;1;44;76;3;4;16;16;14;16;16;15;16;0;10;6;16;8;4;4;4;4;4;4;4;0;2;0;4;2;0;17;0.53;0;56;50;29.68;-1;-;30;;
3;contracts;Period;Who;Profit;TotalProfit;Group;;;;;;;;;;;;;;;;;;;;;;;;;;;;;;;;;;;;;;;;;;;;;;;;;;;
3;contracts;4;1;0;0;1;;;;;;;;;;;;;;;;;;;;;;;;;;;;;;;;;;;;;;;;;;;;;;;;;;;
3;contracts;4;2;0;0;1;;;;;;;;;;;;;;;;;;;;;;;;;;;;;;;;;;;;;;;;;;;;;;;;;;;
3;contracts;4;3;0;0;1;;;;;;;;;;;;;;;;;;;;;;;;;;;;;;;;;;;;;;;;;;;;;;;;;;;
3;contracts;4;4;0;0;1;;;;;;;;;;;;;;;;;;;;;;;;;;;;;;;;;;;;;;;;;;;;;;;;;;;
3;contracts;4;5;0;0;1;;;;;;;;;;;;;;;;;;;;;;;;;;;;;;;;;;;;;;;;;;;;;;;;;;;
3;contracts;4;6;0;0;1;;;;;;;;;;;;;;;;;;;;;;;;;;;;;;;;;;;;;;;;;;;;;;;;;;;
3;contracts;4;7;0;0;2;;;;;;;;;;;;;;;;;;;;;;;;;;;;;;;;;;;;;;;;;;;;;;;;;;;
3;contracts;4;8;0;0;2;;;;;;;;;;;;;;;;;;;;;;;;;;;;;;;;;;;;;;;;;;;;;;;;;;;
3;contracts;4;9;0;0;2;;;;;;;;;;;;;;;;;;;;;;;;;;;;;;;;;;;;;;;;;;;;;;;;;;;
3;contracts;4;10;0;0;2;;;;;;;;;;;;;;;;;;;;;;;;;;;;;;;;;;;;;;;;;;;;;;;;;;;
3;contracts;4;11;0;0;2;;;;;;;;;;;;;;;;;;;;;;;;;;;;;;;;;;;;;;;;;;;;;;;;;;;
3;contracts;4;12;0;0;2;;;;;;;;;;;;;;;;;;;;;;;;;;;;;;;;;;;;;;;;;;;;;;;;;;;
3;globals;Period;NumPeriods;RepeatTreatment;AuctionStop;AuctionNoStop;;;;;;;;;;;;;;;;;;;;;;;;;;;;;;;;;;;;;;;;;;;;;;;;;;;
3;globals;5;5;0;0;0;;;;;;;;;;;;;;;;;;;;;;;;;;;;;;;;;;;;;;;;;;;;;;;;;;;
3;subjects;Period;Subject;Group;Profit;TotalProfit;Participate;Time_Start;Time_SetValue_Start;Time_SetValue_End;Time_ShowOwnRes_Start;Time_ShowOwnRes_End;Time_ShowRes_Start;Time_ShowRes_End;T_Money;CP;d;SumP;LP;Profitchoice;TimeAEueProfitDisplayOK;vs1;vs2;vs3;vs4;vs5;vs6;vs7;vs8;vs9;vs10;vs11;vs12;fs1;fs2;fs3;fs4;fs5;fs6;fs7;fs8;fs9;fs10;fs11;fs12;Stock1;Risk1;p;Th1;Stock2;Risk2;Th2;TimeAEueIndividualExtractionOK;TimeIndividualExtractionOK;TimeProfitchoiceExtractionFromCommonPoolOK;;
3;subjects;5;1;1;4;20;1;9684.514999999999;9684.812;9689.687;9696.375;9709.625;9709.718000000001;9731.859;20;120;0;93;27;5;-6;20;20;18;16;20;19;20;0;14;10;20;9;4;4;4;0;4;4;4;0;4;4;4;1;113;92;0.53;59.89;0;92;0;-;-10;27;;
3;subjects;5;2;1;4;20;1;9684.514999999999;9684.812;9686.843000000001;9696.375;9699.437;9709.718000000001;9714.062;20;120;0;93;27;5;5;20;20;18;16;20;19;20;0;14;10;20;9;4;4;4;0;4;4;4;0;4;4;4;1;113;92;0.53;59.89;0;92;0;-;8;99999;;
3;subjects;5;3;1;4;18;1;9684.514999999999;9684.812;9687.639999999999;9696.375;9698.875;9709.718000000001;9715.796;18;120;0;93;27;5;5;20;20;18;16;20;19;20;0;14;10;20;9;4;4;4;0;4;4;4;0;4;4;4;1;113;92;0.53;59.89;0;92;0;-;6;99999;;
3;subjects;5;4;1;0;16;1;9684.514999999999;9684.812;9687.484;9696.375;9698.593000000001;9709.718000000001;9715.171;16;120;1;93;27;1;99999;20;20;18;16;20;19;20;0;14;10;20;9;4;4;4;0;4;4;4;0;4;4;4;1;113;92;0.53;59.89;0;92;0;-;7;99999;;
3;subjects;5;5;1;4;20;1;9684.514999999999;9684.812;9686.687;9696.375;9700.093000000001;9709.734;9740.171;20;120;1;93;27;5;5;20;20;18;16;20;19;20;0;14;10;20;9;4;4;4;0;4;4;4;0;4;4;4;1;113;92;0.53;59.89;0;92;0;-;-18;99999;;
3;subjects;5;6;1;4;19;1;9684.514999999999;9684.812;9688.484;9696.375;9703.937;9709.734;9725.218000000001;19;120;1;93;27;5;0;20;20;18;16;20;19;20;0;14;10;20;9;4;4;4;0;4;4;4;0;4;4;4;1;113;92;0.53;59.89;0;92;0;-;-3;29;;
3;subjects;5;7;2;4;20;1;9684.514999999999;9684.812;9687;9696.375;9699.734;9709.734;9724.484;20;120;1;56;64;5;5;20;20;18;16;20;19;20;0;14;10;20;9;4;4;4;0;4;4;4;0;4;4;4;1;0;17;0.53;0;73;75;38.69000000000001;-;-3;99999;;
3;subjects;5;8;2;0;0;1;9684.514999999999;9684.812;9689.889999999999;9696.375;9698.375;9709.734;9718.328;0;120;1;56;64;1;99999;20;20;18;16;20;19;20;0;14;10;20;9;4;4;4;0;4;4;4;0;4;4;4;1;0;17;0.53;0;73;75;38.69000000000001;-;4;27;;
3;subjects;5;9;2;4;14;1;9684.514999999999;9684.812;9696.264999999999;9696.375;9700.234;9709.734;9715.5;14;120;1;56;64;5;4;20;20;18;16;20;19;20;0;14;10;20;9;4;4;4;0;4;4;4;0;4;4;4;1;0;17;0.53;0;73;75;38.69000000000001;-;7;21;;
3;subjects;5;10;2;4;10;1;9684.514999999999;9684.812;9692.453;9696.375;9699.593000000001;9709.734;9717.031000000001;10;120;1;56;64;5;5;20;20;18;16;20;19;20;0;14;10;20;9;4;4;4;0;4;4;4;0;4;4;4;1;0;17;0.53;0;73;75;38.69000000000001;-;5;25;;
3;subjects;5;11;2;4;20;1;9684.514999999999;9684.812;9687.281000000001;9696.375;9699.889999999999;9709.734;9713.718000000001;20;120;1;56;64;5;5;20;20;18;16;20;19;20;0;14;10;20;9;4;4;4;0;4;4;4;0;4;4;4;1;0;17;0.53;0;73;75;38.69000000000001;-;8;99999;;
3;subjects;5;12;2;1;9;1;9684.514999999999;9684.812;9686.531000000001;9696.375;9699.031000000001;9709.734;9717.546;9;120;1;56;64;2;5;20;20;18;16;20;19;20;0;14;10;20;9;4;4;4;0;4;4;4;0;4;4;4;1;0;17;0.53;0;73;75;38.69000000000001;-;4;99999;;
3;summary;Period;;;;;;;;;;;;;;;;;;;;;;;;;;;;;;;;;;;;;;;;;;;;;;;;;;;;;;;
3;summary;1;;;;;;;;;;;;;;;;;;;;;;;;;;;;;;;;;;;;;;;;;;;;;;;;;;;;;;;
3;summary;2;;;;;;;;;;;;;;;;;;;;;;;;;;;;;;;;;;;;;;;;;;;;;;;;;;;;;;;
3;summary;3;;;;;;;;;;;;;;;;;;;;;;;;;;;;;;;;;;;;;;;;;;;;;;;;;;;;;;;
3;summary;4;;;;;;;;;;;;;;;;;;;;;;;;;;;;;;;;;;;;;;;;;;;;;;;;;;;;;;;
3;summary;5;;;;;;;;;;;;;;;;;;;;;;;;;;;;;;;;;;;;;;;;;;;;;;;;;;;;;;;
3;contracts;Period;Who;Profit;TotalProfit;Group;;;;;;;;;;;;;;;;;;;;;;;;;;;;;;;;;;;;;;;;;;;;;;;;;;;
3;contracts;5;1;0;0;1;;;;;;;;;;;;;;;;;;;;;;;;;;;;;;;;;;;;;;;;;;;;;;;;;;;
3;contracts;5;2;0;0;1;;;;;;;;;;;;;;;;;;;;;;;;;;;;;;;;;;;;;;;;;;;;;;;;;;;
3;contracts;5;3;0;0;1;;;;;;;;;;;;;;;;;;;;;;;;;;;;;;;;;;;;;;;;;;;;;;;;;;;
3;contracts;5;4;0;0;1;;;;;;;;;;;;;;;;;;;;;;;;;;;;;;;;;;;;;;;;;;;;;;;;;;;
3;contracts;5;5;0;0;1;;;;;;;;;;;;;;;;;;;;;;;;;;;;;;;;;;;;;;;;;;;;;;;;;;;
3;contracts;5;6;0;0;1;;;;;;;;;;;;;;;;;;;;;;;;;;;;;;;;;;;;;;;;;;;;;;;;;;;
3;contracts;5;7;0;0;2;;;;;;;;;;;;;;;;;;;;;;;;;;;;;;;;;;;;;;;;;;;;;;;;;;;
3;contracts;5;8;0;0;2;;;;;;;;;;;;;;;;;;;;;;;;;;;;;;;;;;;;;;;;;;;;;;;;;;;
3;contracts;5;9;0;0;2;;;;;;;;;;;;;;;;;;;;;;;;;;;;;;;;;;;;;;;;;;;;;;;;;;;
3;contracts;5;10;0;0;2;;;;;;;;;;;;;;;;;;;;;;;;;;;;;;;;;;;;;;;;;;;;;;;;;;;
3;contracts;5;11;0;0;2;;;;;;;;;;;;;;;;;;;;;;;;;;;;;;;;;;;;;;;;;;;;;;;;;;;
3;contracts;5;12;0;0;2;;;;;;;;;;;;;;;;;;;;;;;;;;;;;;;;;;;;;;;;;;;;;;;;;;;
3;session;Subject;FinalProfit;ShowUpFee;ShowUpFeeInvested;MoneyAdded;MoneyToPay;MoneyEarned;Participate;;;;;;;;;;;;;;;;;;;;;;;;;;;;;;;;;;;;;;;;;;;;;;;;
3;session;1;20;0;0;0;20;20;1;;;;;;;;;;;;;;;;;;;;;;;;;;;;;;;;;;;;;;;;;;;;;;;;
3;session;2;20;0;0;0;20;20;1;;;;;;;;;;;;;;;;;;;;;;;;;;;;;;;;;;;;;;;;;;;;;;;;
3;session;3;18;0;0;0;18;18;1;;;;;;;;;;;;;;;;;;;;;;;;;;;;;;;;;;;;;;;;;;;;;;;;
3;session;4;16;0;0;0;16;16;1;;;;;;;;;;;;;;;;;;;;;;;;;;;;;;;;;;;;;;;;;;;;;;;;
3;session;5;20;0;0;0;20;20;1;;;;;;;;;;;;;;;;;;;;;;;;;;;;;;;;;;;;;;;;;;;;;;;;
3;session;6;19;0;0;0;19;19;1;;;;;;;;;;;;;;;;;;;;;;;;;;;;;;;;;;;;;;;;;;;;;;;;
3;session;7;20;0;0;0;20;20;1;;;;;;;;;;;;;;;;;;;;;;;;;;;;;;;;;;;;;;;;;;;;;;;;
3;session;8;0;0;0;0;0;0;1;;;;;;;;;;;;;;;;;;;;;;;;;;;;;;;;;;;;;;;;;;;;;;;;
3;session;9;14;0;0;0;14;14;1;;;;;;;;;;;;;;;;;;;;;;;;;;;;;;;;;;;;;;;;;;;;;;;;
3;session;10;10;0;0;0;10;10;1;;;;;;;;;;;;;;;;;;;;;;;;;;;;;;;;;;;;;;;;;;;;;;;;
3;session;11;20;0;0;0;20;20;1;;;;;;;;;;;;;;;;;;;;;;;;;;;;;;;;;;;;;;;;;;;;;;;;
3;session;12;9;0;0;0;9;9;1;;;;;;;;;;;;;;;;;;;;;;;;;;;;;;;;;;;;;;;;;;;;;;;;
3;NEW_SESSION;Period;Subject;Money;;;;;;;;;;;;;;;;;;;;;;;;;;;;;;;;;;;;;;;;;;;;;;;;;;;;;
3;NEW_SESSION;5;1;20;;;;;;;;;;;;;;;;;;;;;;;;;;;;;;;;;;;;;;;;;;;;;;;;;;;;;
3;NEW_SESSION;5;2;20;;;;;;;;;;;;;;;;;;;;;;;;;;;;;;;;;;;;;;;;;;;;;;;;;;;;;
3;NEW_SESSION;5;3;18;;;;;;;;;;;;;;;;;;;;;;;;;;;;;;;;;;;;;;;;;;;;;;;;;;;;;
3;NEW_SESSION;5;4;16;;;;;;;;;;;;;;;;;;;;;;;;;;;;;;;;;;;;;;;;;;;;;;;;;;;;;
3;NEW_SESSION;5;5;20;;;;;;;;;;;;;;;;;;;;;;;;;;;;;;;;;;;;;;;;;;;;;;;;;;;;;
3;NEW_SESSION;5;6;19;;;;;;;;;;;;;;;;;;;;;;;;;;;;;;;;;;;;;;;;;;;;;;;;;;;;;
3;NEW_SESSION;5;7;20;;;;;;;;;;;;;;;;;;;;;;;;;;;;;;;;;;;;;;;;;;;;;;;;;;;;;
3;NEW_SESSION;5;8;0;;;;;;;;;;;;;;;;;;;;;;;;;;;;;;;;;;;;;;;;;;;;;;;;;;;;;
3;NEW_SESSION;5;9;14;;;;;;;;;;;;;;;;;;;;;;;;;;;;;;;;;;;;;;;;;;;;;;;;;;;;;
3;NEW_SESSION;5;10;10;;;;;;;;;;;;;;;;;;;;;;;;;;;;;;;;;;;;;;;;;;;;;;;;;;;;;
3;NEW_SESSION;5;11;20;;;;;;;;;;;;;;;;;;;;;;;;;;;;;;;;;;;;;;;;;;;;;;;;;;;;;
3;NEW_SESSION;5;12;9;;;;;;;;;;;;;;;;;;;;;;;;;;;;;;;;;;;;;;;;;;;;;;;;;;;;;
4;globals;Period;NumPeriods;RepeatTreatment;AuctionStop;AuctionNoStop;;;;;;;;;;;;;;;;;;;;;;;;;;;;;;;;;;;;;;;;;;;;;;;;;;;
4;globals;1;6;0;0;0;;;;;;;;;;;;;;;;;;;;;;;;;;;;;;;;;;;;;;;;;;;;;;;;;;;
4;subjects;Period;Subject;Group;Profit;TotalProfit;Participate;Time_Start;Time_SetValue_Start;Time_SetValue_End;Time_ShowRes_Start;Time_ShowRes_End;T2_Money;ex1;ex2;ex3;ex4;ex5;ex6;ex7;ex8;ex9;ex10;ex11;ex12;Stock1;Risk1;p;Th1;Stock2;Risk2;Th2;Time_ShowRes1_End;TimeAEueStageOK;vs1;vs2;vs3;vs4;vs5;vs6;vs7;vs8;vs9;vs10;vs11;vs12;TimeAEueIndividualContributionOK;SumC;E;TP;CP;LP;Profitchoice;TimeAEueContributionEntryOK;Pr;TimeAEueContributionDisplayOK;TimeProfitchoiceContributionEntryOK
4;subjects;1;1;1;2;2;1;9766.312;9792.328;9798.156000000001;9771.125;0;20;20;20;18;16;20;19;20;0;14;10;20;9;113;92;0.53;59.89;0;17;0;9765.375;0;0;0;0;0;0;0;0;0;0;0;0;0;0;0;20;20;0;20;3;0;2;0;27
4;subjects;1;2;1;0;0;1;9766.312;9792.328;9796.109;9771.125;0;20;20;20;18;16;20;19;20;0;14;10;20;9;113;92;0.53;59.89;0;17;0;-;0;0;0;0;0;0;0;0;0;0;0;0;0;-;0;20;20;0;20;1;-;0;0;29
4;subjects;1;3;1;0;0;1;9766.312;9792.328;9795.578;9771.125;0;18;20;20;18;16;20;19;20;0;14;10;20;9;113;92;0.53;59.89;0;17;0;-;0;0;0;0;0;0;0;0;0;0;0;0;0;-;0;18;18;0;18;1;-;0;4;29
4;subjects;1;4;1;3;3;1;9766.312;9792.328;9797.984;9771.125;0;16;20;20;18;16;20;19;20;0;14;10;20;9;113;92;0.53;59.89;0;17;0;-;0;0;0;0;0;0;0;0;0;0;0;0;0;-;0;16;16;0;16;4;-;3;5;27
4;subjects;1;5;1;2;2;1;9766.312;9792.328;9796.75;9771.125;0;20;20;20;18;16;20;19;20;0;14;10;20;9;113;92;0.53;59.89;0;17;0;-;0;0;0;0;0;0;0;0;0;0;0;0;0;-;0;20;20;0;20;3;-;2;5;29
4;subjects;1;6;1;3;3;1;9766.312;9792.328;9799.234;9771.125;0;19;20;20;18;16;20;19;20;0;14;10;20;9;113;92;0.53;59.89;0;17;0;-;0;0;0;0;0;0;0;0;0;0;0;0;0;-;0;19;19;0;19;4;-;3;5;26
4;subjects;1;7;2;3;3;1;9766.312;9792.328;9796.264999999999;9771.125;0;20;20;20;18;16;20;19;20;0;14;10;20;9;0;17;0.53;0;73;75;38.69000000000001;-;0;0;0;0;0;0;0;0;0;0;0;0;0;-;0;20;20;0;20;4;-;3;4;29
4;subjects;1;8;2;0;0;1;9766.312;9792.328;9796.578;9771.125;0;0;20;20;18;16;20;19;20;0;14;10;20;9;0;17;0.53;0;73;75;38.69000000000001;-;0;0;0;0;0;0;0;0;0;0;0;0;0;-;0;0;0;0;0;1;-;0;5;29
4;subjects;1;9;2;1;1;1;9766.312;9792.328;9797.796;9771.125;0;14;20;20;18;16;20;19;20;0;14;10;20;9;0;17;0.53;0;73;75;38.69000000000001;-;0;0;0;0;0;0;0;0;0;0;0;0;0;-;0;14;14;0;14;2;-;1;4;27
4;subjects;1;10;2;1;1;1;9766.312;9792.328;9798.937;9771.125;0;10;20;20;18;16;20;19;20;0;14;10;20;9;0;17;0.53;0;73;75;38.69000000000001;-;0;0;0;0;0;0;0;0;0;0;0;0;0;-;0;10;10;0;10;2;-;1;5;26
4;subjects;1;11;2;4;4;1;9766.312;9792.328;9803.156000000001;9771.125;0;20;20;20;18;16;20;19;20;0;14;10;20;9;0;17;0.53;0;73;75;38.69000000000001;-;0;0;0;0;0;0;0;0;0;0;0;0;0;-;0;20;20;0;20;5;-;4;2;22
4;subjects;1;12;2;1;1;1;9766.312;9792.328;9796.421;9771.125;0;9;20;20;18;16;20;19;20;0;14;10;20;9;0;17;0.53;0;73;75;38.69000000000001;-;0;0;0;0;0;0;0;0;0;0;0;0;0;-;0;9;9;0;9;2;-;1;5;29
4;globals;Period;NumPeriods;RepeatTreatment;AuctionStop;AuctionNoStop;;;;;;;;;;;;;;;;;;;;;;;;;;;;;;;;;;;;;;;;;;;;;;;;;;;
4;globals;2;6;0;0;0;;;;;;;;;;;;;;;;;;;;;;;;;;;;;;;;;;;;;;;;;;;;;;;;;;;
4;subjects;Period;Subject;Group;Profit;TotalProfit;Participate;Time_Start;Time_SetValue_Start;Time_SetValue_End;Time_ShowRes_Start;Time_ShowRes_End;T2_Money;ex1;ex2;ex3;ex4;ex5;ex6;ex7;ex8;ex9;ex10;ex11;ex12;Stock1;Risk1;p;Th1;Stock2;Risk2;Th2;Time_ShowRes1_End;TimeAEueStageOK;vs1;vs2;vs3;vs4;vs5;vs6;vs7;vs8;vs9;vs10;vs11;vs12;TimeAEueIndividualContributionOK;SumC;E;TP;CP;LP;Profitchoice;TimeAEueContributionEntryOK;Pr;TimeAEueContributionDisplayOK;TimeProfitchoiceContributionEntryOK
4;subjects;2;1;1;1;3;1;9811.812;9837.203;9858.796;9816.281000000001;0;20;20;20;18;16;20;19;20;0;14;10;20;9;113;92;0.53;59.89;0;17;0;-;-;2;0;0;3;2;3;3;0;1;1;4;1;0;10;20;18;0;18;2;-;3;2;11
4;subjects;2;2;1;0;0;1;9811.812;9837.203;9840.264999999999;9816.281000000001;9824.953;20;20;20;18;16;20;19;20;0;14;10;20;9;113;92;0.53;59.89;0;17;0;-;-;2;0;0;3;2;3;3;0;1;1;4;1;4;10;20;20;0;20;1;-;0;3;30
4;subjects;2;3;1;3;3;1;9811.812;9837.203;9839.812;9816.281000000001;9821.625;18;20;20;18;16;20;19;20;0;14;10;20;9;113;92;0.53;59.89;0;17;0;-;-;2;0;0;3;2;3;3;0;1;1;4;1;7;10;18;18;0;18;4;-;3;5;30
4;subjects;2;4;1;2;5;1;9811.812;9837.203;9840.734;9816.296;0;16;20;20;18;16;20;19;20;0;14;10;20;9;113;92;0.53;59.89;0;17;0;-;-;2;0;0;3;2;3;3;0;1;1;4;1;0;10;16;13;0;13;3;-;5;5;30
4;subjects;2;5;1;0;2;1;9811.812;9837.203;9840.453;9816.296;0;20;20;20;18;16;20;19;20;0;14;10;20;9;113;92;0.53;59.89;0;17;0;-;-;2;0;0;3;2;3;3;0;1;1;4;1;0;10;20;18;0;18;1;-;2;5;30
4;subjects;2;6;1;0;3;1;9811.812;9837.203;9841.562;9816.296;9828.139999999999;19;20;20;18;16;20;19;20;0;14;10;20;9;113;92;0.53;59.89;0;17;0;-;-;2;0;0;3;2;3;3;0;1;1;4;1;1;10;19;16;0;16;1;-;3;5;28
4;subjects;2;7;2;2;5;1;9811.812;9837.203;9839.312;9816.296;9827.984;20;20;20;18;16;20;19;20;0;14;10;20;9;0;17;0.53;0;73;75;38.69000000000001;-;-;2;0;0;3;2;3;3;0;1;1;4;1;1;10;20;17;0;17;3;-;5;3;30
4;subjects;2;8;2;0;0;1;9811.812;9837.203;9839.671;9816.296;9828.812;0;20;20;18;16;20;19;20;0;14;10;20;9;0;17;0.53;0;73;75;38.69000000000001;-;-;2;0;0;3;2;3;3;0;1;1;4;1;0;10;0;0;0;0;1;-;0;5;30
4;subjects;2;9;2;1;2;1;9811.812;9837.203;9840.593000000001;9816.296;0;14;20;20;18;16;20;19;20;0;14;10;20;9;0;17;0.53;0;73;75;38.69000000000001;-;-;2;0;0;3;2;3;3;0;1;1;4;1;0;10;14;13;0;13;2;-;2;4;30
4;subjects;2;10;2;1;2;1;9811.812;9837.203;9841.421;9816.296;9826.109;10;20;20;18;16;20;19;20;0;14;10;20;9;0;17;0.53;0;73;75;38.69000000000001;-;-;2;0;0;3;2;3;3;0;1;1;4;1;3;10;10;9;0;9;2;-;2;5;28
4;subjects;2;11;2;4;8;1;9811.812;9837.203;9839.453;9816.296;9822.484;20;20;20;18;16;20;19;20;0;14;10;20;9;0;17;0.53;0;73;75;38.69000000000001;-;-;2;0;0;3;2;3;3;0;1;1;4;1;6;10;20;16;0;16;5;-;8;4;30
4;subjects;2;12;2;1;2;1;9811.812;9837.203;9838.889999999999;9816.296;0;9;20;20;18;16;20;19;20;0;14;10;20;9;0;17;0.53;0;73;75;38.69000000000001;-;-;2;0;0;3;2;3;3;0;1;1;4;1;0;10;9;8;0;8;2;-;2;0;30
4;globals;Period;NumPeriods;RepeatTreatment;AuctionStop;AuctionNoStop;;;;;;;;;;;;;;;;;;;;;;;;;;;;;;;;;;;;;;;;;;;;;;;;;;;
4;globals;3;6;0;0;0;;;;;;;;;;;;;;;;;;;;;;;;;;;;;;;;;;;;;;;;;;;;;;;;;;;
4;subjects;Period;Subject;Group;Profit;TotalProfit;Participate;Time_Start;Time_SetValue_Start;Time_SetValue_End;Time_ShowRes_Start;Time_ShowRes_End;T2_Money;ex1;ex2;ex3;ex4;ex5;ex6;ex7;ex8;ex9;ex10;ex11;ex12;Stock1;Risk1;p;Th1;Stock2;Risk2;Th2;Time_ShowRes1_End;TimeAEueStageOK;vs1;vs2;vs3;vs4;vs5;vs6;vs7;vs8;vs9;vs10;vs11;vs12;TimeAEueIndividualContributionOK;SumC;E;TP;CP;LP;Profitchoice;TimeAEueContributionEntryOK;Pr;TimeAEueContributionDisplayOK;TimeProfitchoiceContributionEntryOK
4;subjects;3;1;1;2;5;1;9866.828;9894.203;9914.703;9872.171;0;20;20;20;18;16;20;19;20;0;14;10;20;9;113;92;0.53;59.89;0;17;0;-;-;3;0;3;5;2;3;5;0;2;2;8;2;0;16;20;17;0;17;3;-;5;4;12
4;subjects;3;2;1;1;1;1;9866.828;9894.203;9898.734;9872.171;9881.343000000001;20;20;20;18;16;20;19;20;0;14;10;20;9;113;92;0.53;59.89;0;17;0;-;-;3;0;3;5;2;3;5;0;2;2;8;2;3;16;20;20;0;20;2;-;1;5;29
4;subjects;3;3;1;2;5;1;9866.828;9894.203;9898.406000000001;9872.171;9880.921;18;20;20;18;16;20;19;20;0;14;10;20;9;113;92;0.53;59.89;0;17;0;-;-;3;0;3;5;2;3;5;0;2;2;8;2;4;16;18;15;0;15;3;-;5;5;29
4;subjects;3;4;1;3;8;1;9866.828;9894.203;9901.937;9872.171;0;16;20;20;18;16;20;19;20;0;14;10;20;9;113;92;0.53;59.89;0;17;0;-;-;3;0;3;5;2;3;5;0;2;2;8;2;0;16;16;11;0;11;4;-;8;4;25
4;subjects;3;5;1;3;5;1;9866.828;9894.203;9897.375;9872.171;0;20;20;20;18;16;20;19;20;0;14;10;20;9;113;92;0.53;59.89;0;17;0;-;-;3;0;3;5;2;3;5;0;2;2;8;2;0;16;20;18;0;18;4;-;5;4;30
4;subjects;3;6;1;3;6;1;9866.828;9894.203;9901.031000000001;9872.171;9882.703;19;20;20;18;16;20;19;20;0;14;10;20;9;113;92;0.53;59.89;0;17;0;-;-;3;0;3;5;2;3;5;0;2;2;8;2;2;16;19;16;0;16;4;-;6;5;26
4;subjects;3;7;2;3;8;1;9866.828;9894.203;9897.031000000001;9872.171;9880.514999999999;20;20;20;18;16;20;19;20;0;14;10;20;9;0;17;0.53;0;73;75;38.69000000000001;-;-;3;0;3;5;2;3;5;0;2;2;8;2;4;19;20;15;0;15;4;-;8;4;30
4;subjects;3;8;2;0;0;1;9866.828;9894.203;9897.531000000001;9872.171;9884.264999999999;0;20;20;18;16;20;19;20;0;14;10;20;9;0;17;0.53;0;73;75;38.69000000000001;-;-;3;0;3;5;2;3;5;0;2;2;8;2;0;19;0;0;0;0;1;-;0;5;30
4;subjects;3;9;2;1;3;1;9866.828;9894.203;9902.453;9872.171;0;14;20;20;18;16;20;19;20;0;14;10;20;9;0;17;0.53;0;73;75;38.69000000000001;-;-;3;0;3;5;2;3;5;0;2;2;8;2;0;19;14;12;0;12;2;-;3;4;25
4;subjects;3;10;2;0;2;1;9866.828;9894.203;9899.546;9872.171;0;10;20;20;18;16;20;19;20;0;14;10;20;9;0;17;0.53;0;73;75;38.69000000000001;-;-;3;0;3;5;2;3;5;0;2;2;8;2;0;19;10;8;0;8;1;-;2;4;28
4;subjects;3;11;2;4;12;1;9866.828;9894.203;9901.453;9872.171;0;20;20;20;18;16;20;19;20;0;14;10;20;9;0;17;0.53;0;73;75;38.69000000000001;-;-;3;0;3;5;2;3;5;0;2;2;8;2;0;19;20;12;0;12;5;-;12;4;26
4;subjects;3;12;2;0;2;1;9866.828;9894.203;9897.953;9872.171;0;9;20;20;18;16;20;19;20;0;14;10;20;9;0;17;0.53;0;73;75;38.69000000000001;-;-;3;0;3;5;2;3;5;0;2;2;8;2;0;19;9;7;0;7;1;-;2;5;29
4;globals;Period;NumPeriods;RepeatTreatment;AuctionStop;AuctionNoStop;;;;;;;;;;;;;;;;;;;;;;;;;;;;;;;;;;;;;;;;;;;;;;;;;;;
4;globals;4;6;0;0;0;;;;;;;;;;;;;;;;;;;;;;;;;;;;;;;;;;;;;;;;;;;;;;;;;;;
4;subjects;Period;Subject;Group;Profit;TotalProfit;Participate;Time_Start;Time_SetValue_Start;Time_SetValue_End;Time_ShowRes_Start;Time_ShowRes_End;T2_Money;ex1;ex2;ex3;ex4;ex5;ex6;ex7;ex8;ex9;ex10;ex11;ex12;Stock1;Risk1;p;Th1;Stock2;Risk2;Th2;Time_ShowRes1_End;TimeAEueStageOK;vs1;vs2;vs3;vs4;vs5;vs6;vs7;vs8;vs9;vs10;vs11;vs12;TimeAEueIndividualContributionOK;SumC;E;TP;CP;LP;Profitchoice;TimeAEueContributionEntryOK;Pr;TimeAEueContributionDisplayOK;TimeProfitchoiceContributionEntryOK
4;subjects;4;1;1;3;8;1;9920.828;9948.953;9954.828;9926.25;0;20;20;20;18;16;20;19;20;0;14;10;20;9;113;92;0.53;59.89;0;17;0;-;-;5;1;5;8;5;6;8;0;3;2;12;2;0;30;20;15;0;15;4;-;8;0;28
4;subjects;4;2;1;0;1;1;9920.828;9948.953;9951.139999999999;9926.25;9934.437;20;20;20;18;16;20;19;20;0;14;10;20;9;113;92;0.53;59.89;0;17;0;-;-;5;1;5;8;5;6;8;0;3;2;12;2;5;30;20;19;0;19;1;-;1;5;30
4;subjects;4;3;1;2;7;1;9920.828;9948.953;9952.639999999999;9926.25;0;18;20;20;18;16;20;19;20;0;14;10;20;9;113;92;0.53;59.89;0;17;0;-;-;5;1;5;8;5;6;8;0;3;2;12;2;0;30;18;13;0;13;3;-;7;4;30
4;subjects;4;4;1;3;11;1;9920.828;9948.953;9954.546;9926.25;9934.25;16;20;20;18;16;20;19;20;0;14;10;20;9;113;92;0.53;59.89;0;17;0;-;-;5;1;5;8;5;6;8;0;3;2;12;2;5;30;16;8;0;8;4;-;11;0;28
4;subjects;4;5;1;3;8;1;9920.828;9948.953;9954.703;9926.25;0;20;20;20;18;16;20;19;20;0;14;10;20;9;113;92;0.53;59.89;0;17;0;-;-;5;1;5;8;5;6;8;0;3;2;12;2;0;30;20;15;0;15;4;-;8;0;28
4;subjects;4;6;1;0;6;1;9920.828;9948.953;9952.389999999999;9926.25;9934.031000000001;19;20;20;18;16;20;19;20;0;14;10;20;9;113;92;0.53;59.89;0;17;0;-;-;5;1;5;8;5;6;8;0;3;2;12;2;5;30;19;13;0;13;1;-;6;5;30
4;subjects;4;7;2;0;8;1;9920.828;9948.953;9952.25;9926.25;9935.781000000001;20;20;20;18;16;20;19;20;0;14;10;20;9;0;17;0.53;0;73;75;38.69000000000001;-;-;5;1;5;8;5;6;8;0;3;2;12;2;3;27;20;12;0;12;1;-;8;5;30
4;subjects;4;8;2;0;0;1;9920.828;9948.953;9950.843000000001;9926.25;9938.078;0;20;20;18;16;20;19;20;0;14;10;20;9;0;17;0.53;0;73;75;38.69000000000001;-;-;5;1;5;8;5;6;8;0;3;2;12;2;1;27;0;0;0;0;1;-;0;5;99999
4;subjects;4;9;2;1;4;1;9920.828;9948.953;9956.828;9926.25;9937.781000000001;14;20;20;18;16;20;19;20;0;14;10;20;9;0;17;0.53;0;73;75;38.69000000000001;-;-;5;1;5;8;5;6;8;0;3;2;12;2;1;27;14;11;0;11;2;-;4;5;25
4;subjects;4;10;2;2;4;1;9920.828;9948.953;9951.625;9926.25;9938.406000000001;10;20;20;18;16;20;19;20;0;14;10;20;9;0;17;0.53;0;73;75;38.69000000000001;-;-;5;1;5;8;5;6;8;0;3;2;12;2;1;27;10;8;0;8;3;-;4;0;30
4;subjects;4;11;2;2;14;1;9920.828;9948.953;9952.859;9926.25;0;20;20;20;18;16;20;19;20;0;14;10;20;9;0;17;0.53;0;73;75;38.69000000000001;-;-;5;1;5;8;5;6;8;0;3;2;12;2;0;27;20;8;0;8;3;-;14;5;30
4;subjects;4;12;2;0;2;1;9920.828;9948.953;9952.109;9926.25;9934.812;9;20;20;18;16;20;19;20;0;14;10;20;9;0;17;0.53;0;73;75;38.69000000000001;-;-;5;1;5;8;5;6;8;0;3;2;12;2;5;27;9;7;0;7;1;-;2;5;30
4;globals;Period;NumPeriods;RepeatTreatment;AuctionStop;AuctionNoStop;;;;;;;;;;;;;;;;;;;;;;;;;;;;;;;;;;;;;;;;;;;;;;;;;;;
4;globals;5;6;0;0;0;;;;;;;;;;;;;;;;;;;;;;;;;;;;;;;;;;;;;;;;;;;;;;;;;;;
4;subjects;Period;Subject;Group;Profit;TotalProfit;Participate;Time_Start;Time_SetValue_Start;Time_SetValue_End;Time_ShowRes_Start;Time_ShowRes_End;T2_Money;ex1;ex2;ex3;ex4;ex5;ex6;ex7;ex8;ex9;ex10;ex11;ex12;Stock1;Risk1;p;Th1;Stock2;Risk2;Th2;Time_ShowRes1_End;TimeAEueStageOK;vs1;vs2;vs3;vs4;vs5;vs6;vs7;vs8;vs9;vs10;vs11;vs12;TimeAEueIndividualContributionOK;SumC;E;TP;CP;LP;Profitchoice;TimeAEueContributionEntryOK;Pr;TimeAEueContributionDisplayOK;TimeProfitchoiceContributionEntryOK
4;subjects;5;1;1;4;12;1;9968.203;9999.671;10019.859;9975.531000000001;0;20;20;20;18;16;20;19;20;0;14;10;20;9;113;92;0.53;59.89;0;17;0;-;-;8;1;7;11;8;6;8;0;4;4;14;2;0;41;20;12;0;12;5;-;12;99999;13
4;subjects;5;2;1;1;2;1;9968.203;9999.671;10004.984;9975.531000000001;9982.953;20;20;20;18;16;20;19;20;0;14;10;20;9;113;92;0.53;59.89;0;17;0;-;-;8;1;7;11;8;6;8;0;4;4;14;2;7;41;20;19;0;19;2;-;2;99999;30
4;subjects;5;3;1;4;11;1;9968.203;9999.671;10003.921;9975.531000000001;0;18;20;20;18;16;20;19;20;0;14;10;20;9;113;92;0.53;59.89;0;17;0;-;-;8;1;7;11;8;6;8;0;4;4;14;2;0;41;18;11;0;11;5;-;11;99999;99999
4;subjects;5;4;1;4;15;1;9968.203;9999.671;10008.765;9975.531000000001;0;16;20;20;18;16;20;19;20;0;14;10;20;9;113;92;0.53;59.89;0;17;0;-;-;8;1;7;11;8;6;8;0;4;4;14;2;0;41;16;5;0;5;5;-;15;99999;24
4;subjects;5;5;1;2;10;1;9968.203;9999.671;10010.093;9975.531000000001;0;20;20;20;18;16;20;19;20;0;14;10;20;9;113;92;0.53;59.89;0;17;0;-;-;8;1;7;11;8;6;8;0;4;4;14;2;0;41;20;12;0;12;3;-;10;0;23
4;subjects;5;6;1;1;7;1;9968.203;9999.671;10009.109;9975.531000000001;9987.609;19;20;20;18;16;20;19;20;0;14;10;20;9;113;92;0.53;59.89;0;17;0;-;-;8;1;7;11;8;6;8;0;4;4;14;2;3;41;19;13;0;13;2;-;7;99999;24
4;subjects;5;7;2;3;11;1;9968.203;9999.671;10002.812;9975.531000000001;9988.139999999999;20;20;20;18;16;20;19;20;0;14;10;20;9;0;17;0.53;0;73;75;38.69000000000001;-;-;8;1;7;11;8;6;8;0;4;4;14;2;3;32;20;12;0;12;4;-;11;99999;99999
4;subjects;5;8;2;0;0;1;9968.203;9999.671;10002.437;9975.531000000001;9986.468000000001;0;20;20;18;16;20;19;20;0;14;10;20;9;0;17;0.53;0;73;75;38.69000000000001;-;-;8;1;7;11;8;6;8;0;4;4;14;2;3;32;0;0;0;0;1;-;0;99999;99999
4;subjects;5;9;2;0;4;1;9968.203;9999.671;10004.468;9975.531000000001;0;14;20;20;18;16;20;19;20;0;14;10;20;9;0;17;0.53;0;73;75;38.69000000000001;-;-;8;1;7;11;8;6;8;0;4;4;14;2;0;32;14;10;0;10;1;-;4;99999;99999
4;subjects;5;10;2;1;5;1;9968.203;9999.671;10003.375;9975.531000000001;9982.5;10;20;20;18;16;20;19;20;0;14;10;20;9;0;17;0.53;0;73;75;38.69000000000001;-;-;8;1;7;11;8;6;8;0;4;4;14;2;7;32;10;6;0;6;2;-;5;99999;99999
4;subjects;5;11;2;1;15;1;9968.203;9999.671;10017.828;9975.531000000001;0;20;20;20;18;16;20;19;20;0;14;10;20;9;0;17;0.53;0;73;75;38.69000000000001;-;-;8;1;7;11;8;6;8;0;4;4;14;2;0;32;20;6;0;6;2;-;15;99999;15
4;subjects;5;12;2;1;3;1;9968.203;9999.671;10006.14;9975.531000000001;9987.014999999999;9;20;20;18;16;20;19;20;0;14;10;20;9;0;17;0.53;0;73;75;38.69000000000001;-;-;8;1;7;11;8;6;8;0;4;4;14;2;3;32;9;7;0;7;2;-;3;99999;27
4;globals;Period;NumPeriods;RepeatTreatment;AuctionStop;AuctionNoStop;;;;;;;;;;;;;;;;;;;;;;;;;;;;;;;;;;;;;;;;;;;;;;;;;;;
4;globals;6;6;0;0;0;;;;;;;;;;;;;;;;;;;;;;;;;;;;;;;;;;;;;;;;;;;;;;;;;;;
4;subjects;Period;Subject;Group;Profit;TotalProfit;Participate;Time_Start;Time_SetValue_Start;Time_SetValue_End;Time_ShowRes_Start;Time_ShowRes_End;T2_Money;ex1;ex2;ex3;ex4;ex5;ex6;ex7;ex8;ex9;ex10;ex11;ex12;Stock1;Risk1;p;Th1;Stock2;Risk2;Th2;Time_ShowRes1_End;TimeAEueStageOK;vs1;vs2;vs3;vs4;vs5;vs6;vs7;vs8;vs9;vs10;vs11;vs12;TimeAEueIndividualContributionOK;SumC;E;TP;CP;LP;Profitchoice;TimeAEueContributionEntryOK;Pr;TimeAEueContributionDisplayOK;TimeProfitchoiceContributionEntryOK
4;subjects;6;1;1;4;16;1;10030.062;10057.843;0;10036.562;0;20;20;20;18;16;20;19;20;0;14;10;20;9;113;92;0.53;59.89;0;17;0;-;-;12;2;11;15;10;7;11;0;4;5;15;3;0;57;20;8;0;8;-;-31;16;-;-
4;subjects;6;2;1;4;6;1;10030.062;10057.843;0;10036.562;10044.859;20;20;20;18;16;20;19;20;0;14;10;20;9;113;92;0.53;59.89;0;17;0;-;-;12;2;11;15;10;7;11;0;4;5;15;3;4;57;20;18;0;18;-;-26;6;-;-
4;subjects;6;3;1;4;15;1;10030.062;10057.843;0;10036.562;10047.578;18;20;20;18;16;20;19;20;0;14;10;20;9;113;92;0.53;59.89;0;17;0;-;-;12;2;11;15;10;7;11;0;4;5;15;3;2;57;18;7;0;7;-;6;15;-;-
4;subjects;6;4;1;4;19;1;10030.062;10057.843;0;10036.562;10042.578;16;20;20;18;16;20;19;20;0;14;10;20;9;113;92;0.53;59.89;0;17;0;-;-;12;2;11;15;10;7;11;0;4;5;15;3;7;57;16;1;0;1;-;-26;19;-;-
4;subjects;6;5;1;4;14;1;10030.062;10057.843;0;10036.562;0;20;20;20;18;16;20;19;20;0;14;10;20;9;113;92;0.53;59.89;0;17;0;-;-;12;2;11;15;10;7;11;0;4;5;15;3;0;57;20;10;0;10;-;-35;14;-;-
4;subjects;6;6;1;4;11;1;10030.062;10057.843;0;10036.562;10048.687;19;20;20;18;16;20;19;20;0;14;10;20;9;113;92;0.53;59.89;0;17;0;-;-;12;2;11;15;10;7;11;0;4;5;15;3;1;57;19;12;0;12;-;-27;11;-;-
4;subjects;6;7;2;4;15;1;10030.062;10057.843;0;10036.562;0;20;20;20;18;16;20;19;20;0;14;10;20;9;0;17;0.53;0;73;75;38.69000000000001;-;-;12;2;11;15;10;7;11;0;4;5;15;3;0;38;20;9;0;9;-;-23;15;-;-
4;subjects;6;8;2;4;4;1;10030.062;10057.843;0;10036.562;10046.593;0;20;20;18;16;20;19;20;0;14;10;20;9;0;17;0.53;0;73;75;38.69000000000001;-;-;12;2;11;15;10;7;11;0;4;5;15;3;3;38;0;0;0;0;-;-7;4;-;-
4;subjects;6;9;2;4;8;1;10030.062;10057.843;0;10036.562;10045.078;14;20;20;18;16;20;19;20;0;14;10;20;9;0;17;0.53;0;73;75;38.69000000000001;-;-;12;2;11;15;10;7;11;0;4;5;15;3;4;38;14;10;0;10;-;-29;8;-;-
4;subjects;6;10;2;4;9;1;10030.062;10057.843;0;10036.562;10042.218;10;20;20;18;16;20;19;20;0;14;10;20;9;0;17;0.53;0;73;75;38.69000000000001;-;-;12;2;11;15;10;7;11;0;4;5;15;3;7;38;10;5;0;5;-;23;9;-;-
4;subjects;6;11;2;4;19;1;10030.062;10057.843;0;10036.562;0;20;20;20;18;16;20;19;20;0;14;10;20;9;0;17;0.53;0;73;75;38.69000000000001;-;-;12;2;11;15;10;7;11;0;4;5;15;3;0;38;20;5;0;5;-;-35;19;-;-
4;subjects;6;12;2;4;7;1;10030.062;10057.843;0;10036.562;10045.39;9;20;20;18;16;20;19;20;0;14;10;20;9;0;17;0.53;0;73;75;38.69000000000001;-;-;12;2;11;15;10;7;11;0;4;5;15;3;4;38;9;6;0;6;-;-27;7;-;-
4;summary;Period;;;;;;;;;;;;;;;;;;;;;;;;;;;;;;;;;;;;;;;;;;;;;;;;;;;;;;;
4;summary;1;;;;;;;;;;;;;;;;;;;;;;;;;;;;;;;;;;;;;;;;;;;;;;;;;;;;;;;
4;summary;2;;;;;;;;;;;;;;;;;;;;;;;;;;;;;;;;;;;;;;;;;;;;;;;;;;;;;;;
4;summary;3;;;;;;;;;;;;;;;;;;;;;;;;;;;;;;;;;;;;;;;;;;;;;;;;;;;;;;;
4;summary;4;;;;;;;;;;;;;;;;;;;;;;;;;;;;;;;;;;;;;;;;;;;;;;;;;;;;;;;
4;summary;5;;;;;;;;;;;;;;;;;;;;;;;;;;;;;;;;;;;;;;;;;;;;;;;;;;;;;;;
4;summary;6;;;;;;;;;;;;;;;;;;;;;;;;;;;;;;;;;;;;;;;;;;;;;;;;;;;;;;;
4;NEW_SESSION;Period;Subject;Money;;;;;;;;;;;;;;;;;;;;;;;;;;;;;;;;;;;;;;;;;;;;;;;;;;;;;
4;NEW_SESSION;5;1;20;;;;;;;;;;;;;;;;;;;;;;;;;;;;;;;;;;;;;;;;;;;;;;;;;;;;;
4;NEW_SESSION;5;2;20;;;;;;;;;;;;;;;;;;;;;;;;;;;;;;;;;;;;;;;;;;;;;;;;;;;;;
4;NEW_SESSION;5;3;18;;;;;;;;;;;;;;;;;;;;;;;;;;;;;;;;;;;;;;;;;;;;;;;;;;;;;
4;NEW_SESSION;5;4;16;;;;;;;;;;;;;;;;;;;;;;;;;;;;;;;;;;;;;;;;;;;;;;;;;;;;;
4;NEW_SESSION;5;5;20;;;;;;;;;;;;;;;;;;;;;;;;;;;;;;;;;;;;;;;;;;;;;;;;;;;;;
4;NEW_SESSION;5;6;19;;;;;;;;;;;;;;;;;;;;;;;;;;;;;;;;;;;;;;;;;;;;;;;;;;;;;
4;NEW_SESSION;5;7;20;;;;;;;;;;;;;;;;;;;;;;;;;;;;;;;;;;;;;;;;;;;;;;;;;;;;;
4;NEW_SESSION;5;8;0;;;;;;;;;;;;;;;;;;;;;;;;;;;;;;;;;;;;;;;;;;;;;;;;;;;;;
4;NEW_SESSION;5;9;14;;;;;;;;;;;;;;;;;;;;;;;;;;;;;;;;;;;;;;;;;;;;;;;;;;;;;
4;NEW_SESSION;5;10;10;;;;;;;;;;;;;;;;;;;;;;;;;;;;;;;;;;;;;;;;;;;;;;;;;;;;;
4;NEW_SESSION;5;11;20;;;;;;;;;;;;;;;;;;;;;;;;;;;;;;;;;;;;;;;;;;;;;;;;;;;;;
4;NEW_SESSION;5;12;9;;;;;;;;;;;;;;;;;;;;;;;;;;;;;;;;;;;;;;;;;;;;;;;;;;;;;
4;session;Subject;FinalProfit;ShowUpFee;ShowUpFeeInvested;MoneyAdded;MoneyToPay;MoneyEarned;Participate;;;;;;;;;;;;;;;;;;;;;;;;;;;;;;;;;;;;;;;;;;;;;;;;
4;session;1;36;0;0;0;36;36;1;;;;;;;;;;;;;;;;;;;;;;;;;;;;;;;;;;;;;;;;;;;;;;;;
4;session;2;26;0;0;0;26;26;1;;;;;;;;;;;;;;;;;;;;;;;;;;;;;;;;;;;;;;;;;;;;;;;;
4;session;3;33;0;0;0;33;33;1;;;;;;;;;;;;;;;;;;;;;;;;;;;;;;;;;;;;;;;;;;;;;;;;
4;session;4;35;0;0;0;35;35;1;;;;;;;;;;;;;;;;;;;;;;;;;;;;;;;;;;;;;;;;;;;;;;;;
4;session;5;34;0;0;0;34;34;1;;;;;;;;;;;;;;;;;;;;;;;;;;;;;;;;;;;;;;;;;;;;;;;;
4;session;6;30;0;0;0;30;30;1;;;;;;;;;;;;;;;;;;;;;;;;;;;;;;;;;;;;;;;;;;;;;;;;
4;session;7;35;0;0;0;35;35;1;;;;;;;;;;;;;;;;;;;;;;;;;;;;;;;;;;;;;;;;;;;;;;;;
4;session;8;4;0;0;0;4;4;1;;;;;;;;;;;;;;;;;;;;;;;;;;;;;;;;;;;;;;;;;;;;;;;;
4;session;9;22;0;0;0;22;22;1;;;;;;;;;;;;;;;;;;;;;;;;;;;;;;;;;;;;;;;;;;;;;;;;
4;session;10;19;0;0;0;19;19;1;;;;;;;;;;;;;;;;;;;;;;;;;;;;;;;;;;;;;;;;;;;;;;;;
4;session;11;39;0;0;0;39;39;1;;;;;;;;;;;;;;;;;;;;;;;;;;;;;;;;;;;;;;;;;;;;;;;;
4;session;12;16;0;0;0;16;16;1;;;;;;;;;;;;;;;;;;;;;;;;;;;;;;;;;;;;;;;;;;;;;;;;
5;globals;Period;NumPeriods;RepeatTreatment;AuctionStop;AuctionNoStop;;;;;;;;;;;;;;;;;;;;;;;;;;;;;;;;;;;;;;;;;;;;;;;;;;;
5;globals;1;5;0;0;0;;;;;;;;;;;;;;;;;;;;;;;;;;;;;;;;;;;;;;;;;;;;;;;;;;;
5;subjects;Period;Subject;Group;Profit;TotalProfit;Participate;Time_Start;Time_SetValue_Start;Time_SetValue_End;Time_ShowOwnRes_Start;Time_ShowOwnRes_End;Time_ShowRes_Start;Time_ShowRes_End;T_Money;CP;d;SumP;LP;Profitchoice;TimeAEueProfitDisplayOK;vs1;vs2;vs3;vs4;vs5;vs6;vs7;vs8;vs9;vs10;vs11;vs12;fs1;fs2;fs3;fs4;fs5;fs6;fs7;fs8;fs9;fs10;fs11;fs12;Stock1;Risk1;p;Th1;Stock2;Risk2;Th2;TimeAEueIndividualExtractionOK;TimeIndividualExtractionOK;TimeProfitchoiceExtractionFromCommonPoolOK;;
5;subjects;1;1;1;1;1;1;10159.5;10160.015;10194.906;10195.375;10202.468;10205.546;10223.875;1;120;0;0;120;2;5;1;4;4;3;4;4;4;4;3;4;4;4;1;4;4;3;4;4;4;4;3;4;4;4;20;17;0.53;10.6;0;92;0;-6;0;-3;;
5;subjects;1;2;1;4;4;1;10159.5;10160.015;10164;10195.375;10204.484;10205.546;10210.593;4;120;0;0;120;5;5;1;4;4;3;4;4;4;4;3;4;4;4;1;4;4;3;4;4;4;4;3;4;4;4;20;17;0.53;10.6;0;92;0;9;-;28;;
5;subjects;1;3;1;4;4;1;10159.5;10160.015;10162.015;10195.375;10199.125;10205.546;10209.796;4;120;0;0;120;5;5;1;4;4;3;4;4;4;4;3;4;4;4;1;4;4;3;4;4;4;4;3;4;4;4;20;17;0.53;10.6;0;92;0;9;-;30;;
5;subjects;1;4;1;3;3;1;10159.5;10160.015;10165.453;10195.375;10204.187;10205.546;10212.796;3;120;1;0;120;4;5;1;4;4;3;4;4;4;4;3;4;4;4;1;4;4;3;4;4;4;4;3;4;4;4;20;17;0.53;10.6;0;92;0;9;-;27;;
5;subjects;1;5;1;4;4;1;10159.5;10160.015;10164.593;10195.375;10204.734;10205.546;10212.64;4;120;1;0;120;5;5;1;4;4;3;4;4;4;4;3;4;4;4;1;4;4;3;4;4;4;4;3;4;4;4;20;17;0.53;10.6;0;92;0;9;-;28;;
5;subjects;1;6;1;4;4;1;10159.5;10160.015;10166.093;10195.375;10200.046;10205.562;10211.218;4;120;1;0;120;5;5;1;4;4;3;4;4;4;4;3;4;4;4;1;4;4;3;4;4;4;4;3;4;4;4;20;17;0.53;10.6;0;92;0;9;-;26;;
5;subjects;1;7;2;4;4;1;10159.5;10160.015;10162.328;10195.375;10198.593;10205.562;10210.421;4;120;1;0;120;5;5;1;4;4;3;4;4;4;4;3;4;4;4;1;4;4;3;4;4;4;4;3;4;4;4;0;17;0.53;0;23;17;12.19;9;-;30;;
5;subjects;1;8;2;4;4;1;10159.5;10160.015;10163.812;10195.375;10200.968;10205.562;10212.484;4;120;1;0;120;5;5;1;4;4;3;4;4;4;4;3;4;4;4;1;4;4;3;4;4;4;4;3;4;4;4;0;17;0.53;0;23;17;12.19;9;-;28;;
5;subjects;1;9;2;3;3;1;10159.5;10160.015;10164.406;10195.375;10201.921;10205.562;10211.781;3;120;1;0;120;4;5;1;4;4;3;4;4;4;4;3;4;4;4;1;4;4;3;4;4;4;4;3;4;4;4;0;17;0.53;0;23;17;12.19;9;-;28;;
5;subjects;1;10;2;4;4;1;10159.5;10160.015;10164.796;10195.375;10203.437;10205.562;10212.296;4;120;1;0;120;5;5;1;4;4;3;4;4;4;4;3;4;4;4;1;4;4;3;4;4;4;4;3;4;4;4;0;17;0.53;0;23;17;12.19;9;-;28;;
5;subjects;1;11;2;4;4;1;10159.5;10160.015;10184.906;10195.375;10201.531;10205.562;10212.968;4;120;1;0;120;5;5;1;4;4;3;4;4;4;4;3;4;4;4;1;4;4;3;4;4;4;4;3;4;4;4;0;17;0.53;0;23;17;12.19;9;-;7;;
5;subjects;1;12;2;4;4;1;10159.5;10160.015;10162.812;10195.375;10205.375;10205.562;10210.265;4;120;1;0;120;5;-2;1;4;4;3;4;4;4;4;3;4;4;4;1;4;4;3;4;4;4;4;3;4;4;4;0;17;0.53;0;23;17;12.19;9;-;29;;
5;contracts;Period;Who;Profit;TotalProfit;Group;;;;;;;;;;;;;;;;;;;;;;;;;;;;;;;;;;;;;;;;;;;;;;;;;;;
5;contracts;1;1;0;0;1;;;;;;;;;;;;;;;;;;;;;;;;;;;;;;;;;;;;;;;;;;;;;;;;;;;
5;contracts;1;2;0;0;1;;;;;;;;;;;;;;;;;;;;;;;;;;;;;;;;;;;;;;;;;;;;;;;;;;;
5;contracts;1;3;0;0;1;;;;;;;;;;;;;;;;;;;;;;;;;;;;;;;;;;;;;;;;;;;;;;;;;;;
5;contracts;1;4;0;0;1;;;;;;;;;;;;;;;;;;;;;;;;;;;;;;;;;;;;;;;;;;;;;;;;;;;
5;contracts;1;5;0;0;1;;;;;;;;;;;;;;;;;;;;;;;;;;;;;;;;;;;;;;;;;;;;;;;;;;;
5;contracts;1;6;0;0;1;;;;;;;;;;;;;;;;;;;;;;;;;;;;;;;;;;;;;;;;;;;;;;;;;;;
5;contracts;1;7;0;0;2;;;;;;;;;;;;;;;;;;;;;;;;;;;;;;;;;;;;;;;;;;;;;;;;;;;
5;contracts;1;8;0;0;2;;;;;;;;;;;;;;;;;;;;;;;;;;;;;;;;;;;;;;;;;;;;;;;;;;;
5;contracts;1;9;0;0;2;;;;;;;;;;;;;;;;;;;;;;;;;;;;;;;;;;;;;;;;;;;;;;;;;;;
5;contracts;1;10;0;0;2;;;;;;;;;;;;;;;;;;;;;;;;;;;;;;;;;;;;;;;;;;;;;;;;;;;
5;contracts;1;11;0;0;2;;;;;;;;;;;;;;;;;;;;;;;;;;;;;;;;;;;;;;;;;;;;;;;;;;;
5;contracts;1;12;0;0;2;;;;;;;;;;;;;;;;;;;;;;;;;;;;;;;;;;;;;;;;;;;;;;;;;;;
5;globals;Period;NumPeriods;RepeatTreatment;AuctionStop;AuctionNoStop;;;;;;;;;;;;;;;;;;;;;;;;;;;;;;;;;;;;;;;;;;;;;;;;;;;
5;globals;2;5;0;0;0;;;;;;;;;;;;;;;;;;;;;;;;;;;;;;;;;;;;;;;;;;;;;;;;;;;
5;subjects;Period;Subject;Group;Profit;TotalProfit;Participate;Time_Start;Time_SetValue_Start;Time_SetValue_End;Time_ShowOwnRes_Start;Time_ShowOwnRes_End;Time_ShowRes_Start;Time_ShowRes_End;T_Money;CP;d;SumP;LP;Profitchoice;TimeAEueProfitDisplayOK;vs1;vs2;vs3;vs4;vs5;vs6;vs7;vs8;vs9;vs10;vs11;vs12;fs1;fs2;fs3;fs4;fs5;fs6;fs7;fs8;fs9;fs10;fs11;fs12;Stock1;Risk1;p;Th1;Stock2;Risk2;Th2;TimeAEueIndividualExtractionOK;TimeIndividualExtractionOK;TimeProfitchoiceExtractionFromCommonPoolOK;;
5;subjects;2;1;1;4;5;1;10228.578;10229.156;10235.156;10236.39;10247.093;10247.25;10253.687;5;120;0;20;100;5;-3;5;8;8;6;8;8;8;8;6;8;8;8;4;4;4;3;4;4;4;4;3;4;4;4;43;50;0.53;22.79;0;92;0;7;-;30;;
5;subjects;2;2;1;4;8;1;10228.578;10229.156;10231.843;10236.39;10239.062;10247.25;10250.328;8;120;0;20;100;5;5;5;8;8;6;8;8;8;8;6;8;8;8;4;4;4;3;4;4;4;4;3;4;4;4;43;50;0.53;22.79;0;92;0;10;-;30;;
5;subjects;2;3;1;4;8;1;10228.578;10229.156;10231.468;10236.39;10238.421;10247.25;10251.468;8;120;0;20;100;5;99999;5;8;8;6;8;8;8;8;6;8;8;8;4;4;4;3;4;4;4;4;3;4;4;4;43;50;0.53;22.79;0;92;0;9;-;30;;
5;subjects;2;4;1;3;6;1;10228.578;10229.156;10233.546;10236.39;10239.312;10247.25;10254.421;6;120;1;20;100;4;5;5;8;8;6;8;8;8;8;6;8;8;8;4;4;4;3;4;4;4;4;3;4;4;4;43;50;0.53;22.79;0;92;0;7;-;30;;
5;subjects;2;5;1;4;8;1;10228.578;10229.156;10235.89;10236.39;10240.781;10247.25;10260.046;8;120;1;20;100;5;3;5;8;8;6;8;8;8;8;6;8;8;8;4;4;4;3;4;4;4;4;3;4;4;4;43;50;0.53;22.79;0;92;0;7;-;30;;
5;subjects;2;6;1;4;8;1;10228.578;10229.156;10232.296;10236.39;10240.171;10247.265;10252.921;8;120;1;20;100;5;4;5;8;8;6;8;8;8;8;6;8;8;8;4;4;4;3;4;4;4;4;3;4;4;4;43;50;0.53;22.79;0;92;0;8;-;30;;
5;subjects;2;7;2;4;8;1;10228.578;10229.156;10232.468;10236.39;10240.609;10247.265;10252.031;8;120;1;23;97;5;3;5;8;8;6;8;8;8;8;6;8;8;8;4;4;4;3;4;4;4;4;3;4;4;4;0;17;0.53;0;46;50;24.38;9;-;30;;
5;subjects;2;8;2;4;8;1;10228.578;10229.156;10236.171;10236.39;10239.437;10247.265;10258.406;8;120;1;23;97;5;5;5;8;8;6;8;8;8;8;6;8;8;8;4;4;4;3;4;4;4;4;3;4;4;4;0;17;0.53;0;46;50;24.38;7;-;30;;
5;subjects;2;9;2;3;6;1;10228.578;10229.156;10235.656;10236.39;10240.296;10247.265;10256.921;6;120;1;23;97;4;4;5;8;8;6;8;8;8;8;6;8;8;8;4;4;4;3;4;4;4;4;3;4;4;4;0;17;0.53;0;46;50;24.38;7;-;30;;
5;subjects;2;10;2;4;8;1;10228.578;10229.156;10234.359;10236.39;10239.734;10247.265;10258.937;8;120;1;23;97;5;4;5;8;8;6;8;8;8;8;6;8;8;8;4;4;4;3;4;4;4;4;3;4;4;4;0;17;0.53;0;46;50;24.38;7;-;30;;
5;subjects;2;11;2;4;8;1;10228.578;10229.156;10232.765;10236.39;10241.109;10247.265;10255.312;8;120;1;23;97;5;3;5;8;8;6;8;8;8;8;6;8;8;8;4;4;4;3;4;4;4;4;3;4;4;4;0;17;0.53;0;46;50;24.38;7;-;30;;
5;subjects;2;12;2;4;8;1;10228.578;10229.156;10232.125;10236.39;10238.75;10247.265;10257.703;8;120;1;23;97;5;5;5;8;8;6;8;8;8;8;6;8;8;8;4;4;4;3;4;4;4;4;3;4;4;4;0;17;0.53;0;46;50;24.38;7;-;30;;
5;contracts;Period;Who;Profit;TotalProfit;Group;;;;;;;;;;;;;;;;;;;;;;;;;;;;;;;;;;;;;;;;;;;;;;;;;;;
5;contracts;2;1;0;0;1;;;;;;;;;;;;;;;;;;;;;;;;;;;;;;;;;;;;;;;;;;;;;;;;;;;
5;contracts;2;2;0;0;1;;;;;;;;;;;;;;;;;;;;;;;;;;;;;;;;;;;;;;;;;;;;;;;;;;;
5;contracts;2;3;0;0;1;;;;;;;;;;;;;;;;;;;;;;;;;;;;;;;;;;;;;;;;;;;;;;;;;;;
5;contracts;2;4;0;0;1;;;;;;;;;;;;;;;;;;;;;;;;;;;;;;;;;;;;;;;;;;;;;;;;;;;
5;contracts;2;5;0;0;1;;;;;;;;;;;;;;;;;;;;;;;;;;;;;;;;;;;;;;;;;;;;;;;;;;;
5;contracts;2;6;0;0;1;;;;;;;;;;;;;;;;;;;;;;;;;;;;;;;;;;;;;;;;;;;;;;;;;;;
5;contracts;2;7;0;0;2;;;;;;;;;;;;;;;;;;;;;;;;;;;;;;;;;;;;;;;;;;;;;;;;;;;
5;contracts;2;8;0;0;2;;;;;;;;;;;;;;;;;;;;;;;;;;;;;;;;;;;;;;;;;;;;;;;;;;;
5;contracts;2;9;0;0;2;;;;;;;;;;;;;;;;;;;;;;;;;;;;;;;;;;;;;;;;;;;;;;;;;;;
5;contracts;2;10;0;0;2;;;;;;;;;;;;;;;;;;;;;;;;;;;;;;;;;;;;;;;;;;;;;;;;;;;
5;contracts;2;11;0;0;2;;;;;;;;;;;;;;;;;;;;;;;;;;;;;;;;;;;;;;;;;;;;;;;;;;;
5;contracts;2;12;0;0;2;;;;;;;;;;;;;;;;;;;;;;;;;;;;;;;;;;;;;;;;;;;;;;;;;;;
5;globals;Period;NumPeriods;RepeatTreatment;AuctionStop;AuctionNoStop;;;;;;;;;;;;;;;;;;;;;;;;;;;;;;;;;;;;;;;;;;;;;;;;;;;
5;globals;3;5;0;0;0;;;;;;;;;;;;;;;;;;;;;;;;;;;;;;;;;;;;;;;;;;;;;;;;;;;
5;subjects;Period;Subject;Group;Profit;TotalProfit;Participate;Time_Start;Time_SetValue_Start;Time_SetValue_End;Time_ShowOwnRes_Start;Time_ShowOwnRes_End;Time_ShowRes_Start;Time_ShowRes_End;T_Money;CP;d;SumP;LP;Profitchoice;TimeAEueProfitDisplayOK;vs1;vs2;vs3;vs4;vs5;vs6;vs7;vs8;vs9;vs10;vs11;vs12;fs1;fs2;fs3;fs4;fs5;fs6;fs7;fs8;fs9;fs10;fs11;fs12;Stock1;Risk1;p;Th1;Stock2;Risk2;Th2;TimeAEueIndividualExtractionOK;TimeIndividualExtractionOK;TimeProfitchoiceExtractionFromCommonPoolOK;;
5;subjects;3;1;1;4;9;1;10268.421;10270.718;10273.843;10283.906;10288.89;10291.703;10305.046;9;120;0;43;77;5;99999;9;12;12;6;12;9;12;12;10;12;12;12;4;4;4;0;4;1;4;4;4;4;4;4;60;0;0.53;31.8;0;92;0;0;-;99999;;
5;subjects;3;2;1;4;12;1;10268.421;10270.718;10275.593;10283.906;10287.39;10291.718;10297.953;12;120;0;43;77;5;99999;9;12;12;6;12;9;12;12;10;12;12;12;4;4;4;0;4;1;4;4;4;4;4;4;60;0;0.53;31.8;0;92;0;8;-;99999;;
5;subjects;3;3;1;4;12;1;10268.421;10270.718;10274.265;10283.906;10287.984;10291.718;10298.359;12;120;0;43;77;5;99999;9;12;12;6;12;9;12;12;10;12;12;12;4;4;4;0;4;1;4;4;4;4;4;4;60;0;0.53;31.8;0;92;0;8;-;99999;;
5;subjects;3;4;1;0;6;1;10268.421;10270.718;10277.031;10283.906;10286.937;10291.718;10300.609;6;120;1;43;77;1;99999;9;12;12;6;12;9;12;12;10;12;12;12;4;4;4;0;4;1;4;4;4;4;4;4;60;0;0.53;31.8;0;92;0;4;-;99999;;
5;subjects;3;5;1;4;12;1;10268.421;10270.718;10283.656;10283.906;10291.343;10291.718;10306.125;12;120;1;43;77;5;99999;9;12;12;6;12;9;12;12;10;12;12;12;4;4;4;0;4;1;4;4;4;4;4;4;60;0;0.53;31.8;0;92;0;-1;-;22;;
5;subjects;3;6;1;1;9;1;10268.421;10270.718;10276.437;10283.906;10290.546;10291.718;10299.046;9;120;1;43;77;2;99999;9;12;12;6;12;9;12;12;10;12;12;12;4;4;4;0;4;1;4;4;4;4;4;4;60;0;0.53;31.8;0;92;0;8;-;99999;;
5;subjects;3;7;2;4;12;1;10268.421;10270.718;10274.703;10283.906;10289.203;10291.718;10294.656;12;120;1;46;74;5;99999;9;12;12;6;12;9;12;12;10;12;12;12;4;4;4;0;4;1;4;4;4;4;4;4;0;17;0.53;0;70;75;37.1;10;-;99999;;
5;subjects;3;8;2;4;12;1;10268.421;10270.718;10275.156;10283.906;10288.406;10291.718;10296.875;12;120;1;46;74;5;99999;9;12;12;6;12;9;12;12;10;12;12;12;4;4;4;0;4;1;4;4;4;4;4;4;0;17;0.53;0;70;75;37.1;8;-;99999;;
5;subjects;3;9;2;4;10;1;10268.421;10270.718;10278.546;10283.906;10290.046;10291.718;10296.687;10;120;1;46;74;5;99999;9;12;12;6;12;9;12;12;10;12;12;12;4;4;4;0;4;1;4;4;4;4;4;4;0;17;0.53;0;70;75;37.1;8;-;99999;;
5;subjects;3;10;2;4;12;1;10268.421;10270.718;10275.921;10283.906;10290.937;10291.718;10297.14;12;120;1;46;74;5;99999;9;12;12;6;12;9;12;12;10;12;12;12;4;4;4;0;4;1;4;4;4;4;4;4;0;17;0.53;0;70;75;37.1;8;-;99999;;
5;subjects;3;11;2;4;12;1;10268.421;10270.718;10277.453;10283.906;10291.562;10291.718;10297.546;12;120;1;46;74;5;99999;9;12;12;6;12;9;12;12;10;12;12;12;4;4;4;0;4;1;4;4;4;4;4;4;0;17;0.53;0;70;75;37.1;8;-;99999;;
5;subjects;3;12;2;4;12;1;10268.421;10270.718;10278;10283.906;10289.609;10291.718;10295.39;12;120;1;46;74;5;99999;9;12;12;6;12;9;12;12;10;12;12;12;4;4;4;0;4;1;4;4;4;4;4;4;0;17;0.53;0;70;75;37.1;10;-;99999;;
5;contracts;Period;Who;Profit;TotalProfit;Group;;;;;;;;;;;;;;;;;;;;;;;;;;;;;;;;;;;;;;;;;;;;;;;;;;;
5;contracts;3;1;0;0;1;;;;;;;;;;;;;;;;;;;;;;;;;;;;;;;;;;;;;;;;;;;;;;;;;;;
5;contracts;3;2;0;0;1;;;;;;;;;;;;;;;;;;;;;;;;;;;;;;;;;;;;;;;;;;;;;;;;;;;
5;contracts;3;3;0;0;1;;;;;;;;;;;;;;;;;;;;;;;;;;;;;;;;;;;;;;;;;;;;;;;;;;;
5;contracts;3;4;0;0;1;;;;;;;;;;;;;;;;;;;;;;;;;;;;;;;;;;;;;;;;;;;;;;;;;;;
5;contracts;3;5;0;0;1;;;;;;;;;;;;;;;;;;;;;;;;;;;;;;;;;;;;;;;;;;;;;;;;;;;
5;contracts;3;6;0;0;1;;;;;;;;;;;;;;;;;;;;;;;;;;;;;;;;;;;;;;;;;;;;;;;;;;;
5;contracts;3;7;0;0;2;;;;;;;;;;;;;;;;;;;;;;;;;;;;;;;;;;;;;;;;;;;;;;;;;;;
5;contracts;3;8;0;0;2;;;;;;;;;;;;;;;;;;;;;;;;;;;;;;;;;;;;;;;;;;;;;;;;;;;
5;contracts;3;9;0;0;2;;;;;;;;;;;;;;;;;;;;;;;;;;;;;;;;;;;;;;;;;;;;;;;;;;;
5;contracts;3;10;0;0;2;;;;;;;;;;;;;;;;;;;;;;;;;;;;;;;;;;;;;;;;;;;;;;;;;;;
5;contracts;3;11;0;0;2;;;;;;;;;;;;;;;;;;;;;;;;;;;;;;;;;;;;;;;;;;;;;;;;;;;
5;contracts;3;12;0;0;2;;;;;;;;;;;;;;;;;;;;;;;;;;;;;;;;;;;;;;;;;;;;;;;;;;;
5;globals;Period;NumPeriods;RepeatTreatment;AuctionStop;AuctionNoStop;;;;;;;;;;;;;;;;;;;;;;;;;;;;;;;;;;;;;;;;;;;;;;;;;;;
5;globals;4;5;0;0;0;;;;;;;;;;;;;;;;;;;;;;;;;;;;;;;;;;;;;;;;;;;;;;;;;;;
5;subjects;Period;Subject;Group;Profit;TotalProfit;Participate;Time_Start;Time_SetValue_Start;Time_SetValue_End;Time_ShowOwnRes_Start;Time_ShowOwnRes_End;Time_ShowRes_Start;Time_ShowRes_End;T_Money;CP;d;SumP;LP;Profitchoice;TimeAEueProfitDisplayOK;vs1;vs2;vs3;vs4;vs5;vs6;vs7;vs8;vs9;vs10;vs11;vs12;fs1;fs2;fs3;fs4;fs5;fs6;fs7;fs8;fs9;fs10;fs11;fs12;Stock1;Risk1;p;Th1;Stock2;Risk2;Th2;TimeAEueIndividualExtractionOK;TimeIndividualExtractionOK;TimeProfitchoiceExtractionFromCommonPoolOK;;
5;subjects;4;1;1;4;13;1;10311.031;10311.531;10314.968;10316.546;10320.625;10322.937;10332.218;13;120;0;60;60;5;5;13;16;16;8;16;13;16;16;14;16;16;16;4;4;4;2;4;4;4;4;4;4;4;4;82;75;0.53;43.46;0;92;0;3;-;30;;
5;subjects;4;2;1;4;16;1;10311.031;10311.531;10313.828;10316.546;10318.875;10322.937;10325.171;16;120;0;60;60;5;5;13;16;16;8;16;13;16;16;14;16;16;16;4;4;4;2;4;4;4;4;4;4;4;4;82;75;0.53;43.46;0;92;0;10;-;30;;
5;subjects;4;3;1;4;16;1;10311.031;10311.531;10313.031;10316.546;10319.421;10322.937;10325.796;16;120;0;60;60;5;5;13;16;16;8;16;13;16;16;14;16;16;16;4;4;4;2;4;4;4;4;4;4;4;4;82;75;0.53;43.46;0;92;0;9;-;99999;;
5;subjects;4;4;1;2;8;1;10311.031;10311.531;10315.14;10316.546;10320.343;10322.937;10329.968;8;120;1;60;60;3;5;13;16;16;8;16;13;16;16;14;16;16;16;4;4;4;2;4;4;4;4;4;4;4;4;82;75;0.53;43.46;0;92;0;5;-;30;;
5;subjects;4;5;1;4;16;1;10311.031;10311.531;10314.796;10316.546;10321.25;10322.937;10330.796;16;120;1;60;60;5;4;13;16;16;8;16;13;16;16;14;16;16;16;4;4;4;2;4;4;4;4;4;4;4;4;82;75;0.53;43.46;0;92;0;4;-;30;;
5;subjects;4;6;1;4;13;1;10311.031;10311.531;10316.328;10316.546;10322.828;10322.937;10329.796;13;120;1;60;60;5;2;13;16;16;8;16;13;16;16;14;16;16;16;4;4;4;2;4;4;4;4;4;4;4;4;82;75;0.53;43.46;0;92;0;5;-;28;;
5;subjects;4;7;2;4;16;1;10311.031;10311.531;10314;10316.546;10322.109;10322.937;10327.687;16;120;1;70;50;5;2;13;16;16;8;16;13;16;16;14;16;16;16;4;4;4;2;4;4;4;4;4;4;4;4;0;17;0.53;0;94;92;49.82;7;-;30;;
5;subjects;4;8;2;4;16;1;10311.031;10311.531;10313.671;10316.546;10320.046;10322.937;10327.421;16;120;1;70;50;5;5;13;16;16;8;16;13;16;16;14;16;16;16;4;4;4;2;4;4;4;4;4;4;4;4;0;17;0.53;0;94;92;49.82;8;-;30;;
5;subjects;4;9;2;4;14;1;10311.031;10311.531;10314.64;10316.546;10320.937;10322.953;10326.531;14;120;1;70;50;5;5;13;16;16;8;16;13;16;16;14;16;16;16;4;4;4;2;4;4;4;4;4;4;4;4;0;17;0.53;0;94;92;49.82;9;-;30;;
5;subjects;4;10;2;4;16;1;10311.031;10311.531;10314.484;10316.546;10320.781;10322.953;10327.828;16;120;1;70;50;5;5;13;16;16;8;16;13;16;16;14;16;16;16;4;4;4;2;4;4;4;4;4;4;4;4;0;17;0.53;0;94;92;49.82;7;-;30;;
5;subjects;4;11;2;4;16;1;10311.031;10311.531;10314.312;10316.546;10320.187;10322.953;10333.156;16;120;1;70;50;5;5;13;16;16;8;16;13;16;16;14;16;16;16;4;4;4;2;4;4;4;4;4;4;4;4;0;17;0.53;0;94;92;49.82;2;-;30;;
5;subjects;4;12;2;4;16;1;10311.031;10311.531;10313.453;10316.546;10319.015;10322.953;10328.734;16;120;1;70;50;5;5;13;16;16;8;16;13;16;16;14;16;16;16;4;4;4;2;4;4;4;4;4;4;4;4;0;17;0.53;0;94;92;49.82;6;-;30;;
5;contracts;Period;Who;Profit;TotalProfit;Group;;;;;;;;;;;;;;;;;;;;;;;;;;;;;;;;;;;;;;;;;;;;;;;;;;;
5;contracts;4;1;0;0;1;;;;;;;;;;;;;;;;;;;;;;;;;;;;;;;;;;;;;;;;;;;;;;;;;;;
5;contracts;4;2;0;0;1;;;;;;;;;;;;;;;;;;;;;;;;;;;;;;;;;;;;;;;;;;;;;;;;;;;
5;contracts;4;3;0;0;1;;;;;;;;;;;;;;;;;;;;;;;;;;;;;;;;;;;;;;;;;;;;;;;;;;;
5;contracts;4;4;0;0;1;;;;;;;;;;;;;;;;;;;;;;;;;;;;;;;;;;;;;;;;;;;;;;;;;;;
5;contracts;4;5;0;0;1;;;;;;;;;;;;;;;;;;;;;;;;;;;;;;;;;;;;;;;;;;;;;;;;;;;
5;contracts;4;6;0;0;1;;;;;;;;;;;;;;;;;;;;;;;;;;;;;;;;;;;;;;;;;;;;;;;;;;;
5;contracts;4;7;0;0;2;;;;;;;;;;;;;;;;;;;;;;;;;;;;;;;;;;;;;;;;;;;;;;;;;;;
5;contracts;4;8;0;0;2;;;;;;;;;;;;;;;;;;;;;;;;;;;;;;;;;;;;;;;;;;;;;;;;;;;
5;contracts;4;9;0;0;2;;;;;;;;;;;;;;;;;;;;;;;;;;;;;;;;;;;;;;;;;;;;;;;;;;;
5;contracts;4;10;0;0;2;;;;;;;;;;;;;;;;;;;;;;;;;;;;;;;;;;;;;;;;;;;;;;;;;;;
5;contracts;4;11;0;0;2;;;;;;;;;;;;;;;;;;;;;;;;;;;;;;;;;;;;;;;;;;;;;;;;;;;
5;contracts;4;12;0;0;2;;;;;;;;;;;;;;;;;;;;;;;;;;;;;;;;;;;;;;;;;;;;;;;;;;;
5;globals;Period;NumPeriods;RepeatTreatment;AuctionStop;AuctionNoStop;;;;;;;;;;;;;;;;;;;;;;;;;;;;;;;;;;;;;;;;;;;;;;;;;;;
5;globals;5;5;0;0;0;;;;;;;;;;;;;;;;;;;;;;;;;;;;;;;;;;;;;;;;;;;;;;;;;;;
5;subjects;Period;Subject;Group;Profit;TotalProfit;Participate;Time_Start;Time_SetValue_Start;Time_SetValue_End;Time_ShowOwnRes_Start;Time_ShowOwnRes_End;Time_ShowRes_Start;Time_ShowRes_End;T_Money;CP;d;SumP;LP;Profitchoice;TimeAEueProfitDisplayOK;vs1;vs2;vs3;vs4;vs5;vs6;vs7;vs8;vs9;vs10;vs11;vs12;fs1;fs2;fs3;fs4;fs5;fs6;fs7;fs8;fs9;fs10;fs11;fs12;Stock1;Risk1;p;Th1;Stock2;Risk2;Th2;TimeAEueIndividualExtractionOK;TimeIndividualExtractionOK;TimeProfitchoiceExtractionFromCommonPoolOK;;
5;subjects;5;1;1;4;17;1;10337.656;10337.937;10339.203;10347.312;10356.109;10356.203;10364.281;17;120;0;82;38;5;-2;17;20;20;8;20;15;20;20;18;20;20;20;4;4;4;0;4;2;4;4;4;4;4;4;100;92;0.53;53;0;92;0;-;4;99999;;
5;subjects;5;2;1;4;20;1;10337.656;10337.937;10340.265;10347.312;10349.421;10356.203;10363.531;20;120;0;82;38;5;5;17;20;20;8;20;15;20;20;18;20;20;20;4;4;4;0;4;2;4;4;4;4;4;4;100;92;0.53;53;0;92;0;-;5;30;;
5;subjects;5;3;1;4;20;1;10337.656;10337.937;10339.64;10347.312;10349.562;10356.203;10369.937;20;120;0;82;38;5;5;17;20;20;8;20;15;20;20;18;20;20;20;4;4;4;0;4;2;4;4;4;4;4;4;100;92;0.53;53;0;92;0;-;-1;30;;
5;subjects;5;4;1;0;8;1;10337.656;10337.937;10339.984;10347.312;10349.234;10356.203;10366.593;8;120;1;82;38;1;5;17;20;20;8;20;15;20;20;18;20;20;20;4;4;4;0;4;2;4;4;4;4;4;4;100;92;0.53;53;0;92;0;-;2;30;;
5;subjects;5;5;1;4;20;1;10337.656;10337.937;10339.859;10347.312;10352.343;10356.203;10380.796;20;120;1;82;38;5;2;17;20;20;8;20;15;20;20;18;20;20;20;4;4;4;0;4;2;4;4;4;4;4;4;100;92;0.53;53;0;92;0;-;-12;30;;
5;subjects;5;6;1;2;15;1;10337.656;10337.937;10347.218;10347.312;10352.218;10356.203;10373.281;15;120;1;82;38;3;2;17;20;20;8;20;15;20;20;18;20;20;20;4;4;4;0;4;2;4;4;4;4;4;4;100;92;0.53;53;0;92;0;-;-5;23;;
5;subjects;5;7;2;4;20;1;10337.656;10337.937;10340.125;10347.312;10349.968;10356.203;10361.078;20;120;1;94;26;5;5;17;20;20;8;20;15;20;20;18;20;20;20;4;4;4;0;4;2;4;4;4;4;4;4;0;17;0.53;0;118;92;62.54000000000001;-;8;30;;
5;subjects;5;8;2;4;20;1;10337.656;10337.937;10341.296;10347.312;10350.734;10356.203;10364.875;20;120;1;94;26;5;4;17;20;20;8;20;15;20;20;18;20;20;20;4;4;4;0;4;2;4;4;4;4;4;4;0;17;0.53;0;118;92;62.54000000000001;-;4;29;;
5;subjects;5;9;2;4;18;1;10337.656;10337.937;10343.125;10347.312;10350.359;10356.203;10364.578;18;120;1;94;26;5;4;17;20;20;8;20;15;20;20;18;20;20;20;4;4;4;0;4;2;4;4;4;4;4;4;0;17;0.53;0;118;92;62.54000000000001;-;4;27;;
5;subjects;5;10;2;4;20;1;10337.656;10337.937;10340.39;10347.312;10349.703;10356.218;10361.234;20;120;1;94;26;5;5;17;20;20;8;20;15;20;20;18;20;20;20;4;4;4;0;4;2;4;4;4;4;4;4;0;17;0.53;0;118;92;62.54000000000001;-;8;30;;
5;subjects;5;11;2;4;20;1;10337.656;10337.937;10340.843;10347.312;10350.093;10356.218;10360.921;20;120;1;94;26;5;5;17;20;20;8;20;15;20;20;18;20;20;20;4;4;4;0;4;2;4;4;4;4;4;4;0;17;0.53;0;118;92;62.54000000000001;-;8;30;;
5;subjects;5;12;2;4;20;1;10337.656;10337.937;10340.984;10347.312;10349.828;10356.218;10362.359;20;120;1;94;26;5;5;17;20;20;8;20;15;20;20;18;20;20;20;4;4;4;0;4;2;4;4;4;4;4;4;0;17;0.53;0;118;92;62.54000000000001;-;6;30;;
5;summary;Period;;;;;;;;;;;;;;;;;;;;;;;;;;;;;;;;;;;;;;;;;;;;;;;;;;;;;;;
5;summary;1;;;;;;;;;;;;;;;;;;;;;;;;;;;;;;;;;;;;;;;;;;;;;;;;;;;;;;;
5;summary;2;;;;;;;;;;;;;;;;;;;;;;;;;;;;;;;;;;;;;;;;;;;;;;;;;;;;;;;
5;summary;3;;;;;;;;;;;;;;;;;;;;;;;;;;;;;;;;;;;;;;;;;;;;;;;;;;;;;;;
5;summary;4;;;;;;;;;;;;;;;;;;;;;;;;;;;;;;;;;;;;;;;;;;;;;;;;;;;;;;;
5;summary;5;;;;;;;;;;;;;;;;;;;;;;;;;;;;;;;;;;;;;;;;;;;;;;;;;;;;;;;
5;contracts;Period;Who;Profit;TotalProfit;Group;;;;;;;;;;;;;;;;;;;;;;;;;;;;;;;;;;;;;;;;;;;;;;;;;;;
5;contracts;5;1;0;0;1;;;;;;;;;;;;;;;;;;;;;;;;;;;;;;;;;;;;;;;;;;;;;;;;;;;
5;contracts;5;2;0;0;1;;;;;;;;;;;;;;;;;;;;;;;;;;;;;;;;;;;;;;;;;;;;;;;;;;;
5;contracts;5;3;0;0;1;;;;;;;;;;;;;;;;;;;;;;;;;;;;;;;;;;;;;;;;;;;;;;;;;;;
5;contracts;5;4;0;0;1;;;;;;;;;;;;;;;;;;;;;;;;;;;;;;;;;;;;;;;;;;;;;;;;;;;
5;contracts;5;5;0;0;1;;;;;;;;;;;;;;;;;;;;;;;;;;;;;;;;;;;;;;;;;;;;;;;;;;;
5;contracts;5;6;0;0;1;;;;;;;;;;;;;;;;;;;;;;;;;;;;;;;;;;;;;;;;;;;;;;;;;;;
5;contracts;5;7;0;0;2;;;;;;;;;;;;;;;;;;;;;;;;;;;;;;;;;;;;;;;;;;;;;;;;;;;
5;contracts;5;8;0;0;2;;;;;;;;;;;;;;;;;;;;;;;;;;;;;;;;;;;;;;;;;;;;;;;;;;;
5;contracts;5;9;0;0;2;;;;;;;;;;;;;;;;;;;;;;;;;;;;;;;;;;;;;;;;;;;;;;;;;;;
5;contracts;5;10;0;0;2;;;;;;;;;;;;;;;;;;;;;;;;;;;;;;;;;;;;;;;;;;;;;;;;;;;
5;contracts;5;11;0;0;2;;;;;;;;;;;;;;;;;;;;;;;;;;;;;;;;;;;;;;;;;;;;;;;;;;;
5;contracts;5;12;0;0;2;;;;;;;;;;;;;;;;;;;;;;;;;;;;;;;;;;;;;;;;;;;;;;;;;;;
5;session;Subject;FinalProfit;ShowUpFee;ShowUpFeeInvested;MoneyAdded;MoneyToPay;MoneyEarned;Participate;;;;;;;;;;;;;;;;;;;;;;;;;;;;;;;;;;;;;;;;;;;;;;;;
5;session;1;53;0;0;0;53;53;1;;;;;;;;;;;;;;;;;;;;;;;;;;;;;;;;;;;;;;;;;;;;;;;;
5;session;2;46;0;0;0;46;46;1;;;;;;;;;;;;;;;;;;;;;;;;;;;;;;;;;;;;;;;;;;;;;;;;
5;session;3;53;0;0;0;53;53;1;;;;;;;;;;;;;;;;;;;;;;;;;;;;;;;;;;;;;;;;;;;;;;;;
5;session;4;43;0;0;0;43;43;1;;;;;;;;;;;;;;;;;;;;;;;;;;;;;;;;;;;;;;;;;;;;;;;;
5;session;5;54;0;0;0;54;54;1;;;;;;;;;;;;;;;;;;;;;;;;;;;;;;;;;;;;;;;;;;;;;;;;
5;session;6;45;0;0;0;45;45;1;;;;;;;;;;;;;;;;;;;;;;;;;;;;;;;;;;;;;;;;;;;;;;;;
5;session;7;55;0;0;0;55;55;1;;;;;;;;;;;;;;;;;;;;;;;;;;;;;;;;;;;;;;;;;;;;;;;;
5;session;8;24;0;0;0;24;24;1;;;;;;;;;;;;;;;;;;;;;;;;;;;;;;;;;;;;;;;;;;;;;;;;
5;session;9;40;0;0;0;40;40;1;;;;;;;;;;;;;;;;;;;;;;;;;;;;;;;;;;;;;;;;;;;;;;;;
5;session;10;39;0;0;0;39;39;1;;;;;;;;;;;;;;;;;;;;;;;;;;;;;;;;;;;;;;;;;;;;;;;;
5;session;11;59;0;0;0;59;59;1;;;;;;;;;;;;;;;;;;;;;;;;;;;;;;;;;;;;;;;;;;;;;;;;
5;session;12;36;0;0;0;36;36;1;;;;;;;;;;;;;;;;;;;;;;;;;;;;;;;;;;;;;;;;;;;;;;;;
5;NEW_SESSION;Period;Subject;Money;;;;;;;;;;;;;;;;;;;;;;;;;;;;;;;;;;;;;;;;;;;;;;;;;;;;;
5;NEW_SESSION;5;0;0;;;;;;;;;;;;;;;;;;;;;;;;;;;;;;;;;;;;;;;;;;;;;;;;;;;;;
5;NEW_SESSION;5;0;0;;;;;;;;;;;;;;;;;;;;;;;;;;;;;;;;;;;;;;;;;;;;;;;;;;;;;
5;NEW_SESSION;5;0;0;;;;;;;;;;;;;;;;;;;;;;;;;;;;;;;;;;;;;;;;;;;;;;;;;;;;;
5;NEW_SESSION;5;0;0;;;;;;;;;;;;;;;;;;;;;;;;;;;;;;;;;;;;;;;;;;;;;;;;;;;;;
5;NEW_SESSION;5;0;0;;;;;;;;;;;;;;;;;;;;;;;;;;;;;;;;;;;;;;;;;;;;;;;;;;;;;
5;NEW_SESSION;5;0;0;;;;;;;;;;;;;;;;;;;;;;;;;;;;;;;;;;;;;;;;;;;;;;;;;;;;;
5;NEW_SESSION;5;0;0;;;;;;;;;;;;;;;;;;;;;;;;;;;;;;;;;;;;;;;;;;;;;;;;;;;;;
5;NEW_SESSION;5;0;0;;;;;;;;;;;;;;;;;;;;;;;;;;;;;;;;;;;;;;;;;;;;;;;;;;;;;
5;NEW_SESSION;5;0;0;;;;;;;;;;;;;;;;;;;;;;;;;;;;;;;;;;;;;;;;;;;;;;;;;;;;;
5;NEW_SESSION;5;0;0;;;;;;;;;;;;;;;;;;;;;;;;;;;;;;;;;;;;;;;;;;;;;;;;;;;;;
5;NEW_SESSION;5;0;0;;;;;;;;;;;;;;;;;;;;;;;;;;;;;;;;;;;;;;;;;;;;;;;;;;;;;
5;NEW_SESSION;5;0;0;;;;;;;;;;;;;;;;;;;;;;;;;;;;;;;;;;;;;;;;;;;;;;;;;;;;;
5;NEW_SESSION;5;1;17;;;;;;;;;;;;;;;;;;;;;;;;;;;;;;;;;;;;;;;;;;;;;;;;;;;;;
5;NEW_SESSION;5;2;20;;;;;;;;;;;;;;;;;;;;;;;;;;;;;;;;;;;;;;;;;;;;;;;;;;;;;
5;NEW_SESSION;5;3;20;;;;;;;;;;;;;;;;;;;;;;;;;;;;;;;;;;;;;;;;;;;;;;;;;;;;;
5;NEW_SESSION;5;4;8;;;;;;;;;;;;;;;;;;;;;;;;;;;;;;;;;;;;;;;;;;;;;;;;;;;;;
5;NEW_SESSION;5;5;20;;;;;;;;;;;;;;;;;;;;;;;;;;;;;;;;;;;;;;;;;;;;;;;;;;;;;
5;NEW_SESSION;5;6;15;;;;;;;;;;;;;;;;;;;;;;;;;;;;;;;;;;;;;;;;;;;;;;;;;;;;;
5;NEW_SESSION;5;7;20;;;;;;;;;;;;;;;;;;;;;;;;;;;;;;;;;;;;;;;;;;;;;;;;;;;;;
5;NEW_SESSION;5;8;20;;;;;;;;;;;;;;;;;;;;;;;;;;;;;;;;;;;;;;;;;;;;;;;;;;;;;
5;NEW_SESSION;5;9;18;;;;;;;;;;;;;;;;;;;;;;;;;;;;;;;;;;;;;;;;;;;;;;;;;;;;;
5;NEW_SESSION;5;10;20;;;;;;;;;;;;;;;;;;;;;;;;;;;;;;;;;;;;;;;;;;;;;;;;;;;;;
5;NEW_SESSION;5;11;20;;;;;;;;;;;;;;;;;;;;;;;;;;;;;;;;;;;;;;;;;;;;;;;;;;;;;
5;NEW_SESSION;5;12;20;;;;;;;;;;;;;;;;;;;;;;;;;;;;;;;;;;;;;;;;;;;;;;;;;;;;;
6;globals;Period;NumPeriods;RepeatTreatment;AuctionStop;AuctionNoStop;;;;;;;;;;;;;;;;;;;;;;;;;;;;;;;;;;;;;;;;;;;;;;;;;;;
6;globals;1;6;0;0;0;;;;;;;;;;;;;;;;;;;;;;;;;;;;;;;;;;;;;;;;;;;;;;;;;;;
6;subjects;Period;Subject;Group;Profit;TotalProfit;Participate;Time_Start;Time_SetValue_Start;Time_SetValue_End;Time_ShowRes_Start;Time_ShowRes_End;T2_Money;ex1;ex2;ex3;ex4;ex5;ex6;ex7;ex8;ex9;ex10;ex11;ex12;Stock1;Risk1;p;Th1;Stock2;Risk2;Th2;Time_ShowRes1_End;TimeAEueStageOK;vs1;vs2;vs3;vs4;vs5;vs6;vs7;vs8;vs9;vs10;vs11;vs12;TimeAEueIndividualContributionOK;SumC;E;TP;CP;LP;Profitchoice;TimeAEueContributionEntryOK;Pr;TimeAEueContributionDisplayOK;TimeProfitchoiceContributionEntryOK
6;subjects;1;1;1;0;0;1;10402.578;10427.781;10429.203;10406.906;0;17;17;20;20;8;20;15;20;20;18;20;20;20;100;92;0.53;53;0;17;0;0;1;0;0;0;0;0;0;0;0;0;0;0;0;0;0;17;17;0;17;1;0;0;0;99999
6;subjects;1;2;1;1;1;1;10402.578;10427.781;10433.375;10406.906;0;20;17;20;20;8;20;15;20;20;18;20;20;20;100;92;0.53;53;0;17;0;0;0;0;0;0;0;0;0;0;0;0;0;0;0;-;0;20;20;0;20;2;-;1;0;27
6;subjects;1;3;1;2;2;1;10402.578;10427.781;10429.625;10406.906;0;20;17;20;20;8;20;15;20;20;18;20;20;20;100;92;0.53;53;0;17;0;0;0;0;0;0;0;0;0;0;0;0;0;0;0;-;0;20;20;0;20;3;-;2;5;30
6;subjects;1;4;1;1;1;1;10402.578;10427.781;10433.812;10406.906;0;8;17;20;20;8;20;15;20;20;18;20;20;20;100;92;0.53;53;0;17;0;0;0;0;0;0;0;0;0;0;0;0;0;0;0;-;0;8;8;0;8;2;-;1;5;26
6;subjects;1;5;1;2;2;1;10402.578;10427.781;10429.343;10406.906;0;20;17;20;20;8;20;15;20;20;18;20;20;20;100;92;0.53;53;0;17;0;0;0;0;0;0;0;0;0;0;0;0;0;0;0;-;0;20;20;0;20;3;-;2;5;99999
6;subjects;1;6;1;2;2;1;10402.578;10427.781;10434.343;10406.906;0;15;17;20;20;8;20;15;20;20;18;20;20;20;100;92;0.53;53;0;17;0;0;0;0;0;0;0;0;0;0;0;0;0;0;0;-;0;15;15;0;15;3;-;2;5;26
6;subjects;1;7;2;3;3;1;10402.578;10427.781;10432.546;10406.921;0;20;17;20;20;8;20;15;20;20;18;20;20;20;0;17;0.53;0;118;92;62.54000000000001;10405.5;1;0;0;0;0;0;0;0;0;0;0;0;0;-;0;20;20;0;20;4;-;3;5;27
6;subjects;1;8;2;0;0;1;10402.578;10427.781;10430.687;10406.921;0;20;17;20;20;8;20;15;20;20;18;20;20;20;0;17;0.53;0;118;92;62.54000000000001;0;0;0;0;0;0;0;0;0;0;0;0;0;0;-;0;20;20;0;20;1;-;0;5;30
6;subjects;1;9;2;2;2;1;10402.578;10427.781;10431.156;10406.921;0;18;17;20;20;8;20;15;20;20;18;20;20;20;0;17;0.53;0;118;92;62.54000000000001;0;0;0;0;0;0;0;0;0;0;0;0;0;0;-;0;18;18;0;18;3;-;2;5;30
6;subjects;1;10;2;2;2;1;10402.578;10427.781;10430.39;10406.921;0;20;17;20;20;8;20;15;20;20;18;20;20;20;0;17;0.53;0;118;92;62.54000000000001;10406;0;0;0;0;0;0;0;0;0;0;0;0;0;-;0;20;20;0;20;3;-;2;5;30
6;subjects;1;11;2;4;4;1;10402.578;10427.781;10431.015;10406.921;0;20;17;20;20;8;20;15;20;20;18;20;20;20;0;17;0.53;0;118;92;62.54000000000001;0;0;0;0;0;0;0;0;0;0;0;0;0;0;-;0;20;20;0;20;5;-;4;5;30
6;subjects;1;12;2;4;4;1;10402.578;10427.781;10430.843;10406.921;0;20;17;20;20;8;20;15;20;20;18;20;20;20;0;17;0.53;0;118;92;62.54000000000001;0;0;0;0;0;0;0;0;0;0;0;0;0;0;-;0;20;20;0;20;5;-;4;5;30
6;globals;Period;NumPeriods;RepeatTreatment;AuctionStop;AuctionNoStop;;;;;;;;;;;;;;;;;;;;;;;;;;;;;;;;;;;;;;;;;;;;;;;;;;;
6;globals;2;6;0;0;0;;;;;;;;;;;;;;;;;;;;;;;;;;;;;;;;;;;;;;;;;;;;;;;;;;;
6;subjects;Period;Subject;Group;Profit;TotalProfit;Participate;Time_Start;Time_SetValue_Start;Time_SetValue_End;Time_ShowRes_Start;Time_ShowRes_End;T2_Money;ex1;ex2;ex3;ex4;ex5;ex6;ex7;ex8;ex9;ex10;ex11;ex12;Stock1;Risk1;p;Th1;Stock2;Risk2;Th2;Time_ShowRes1_End;TimeAEueStageOK;vs1;vs2;vs3;vs4;vs5;vs6;vs7;vs8;vs9;vs10;vs11;vs12;TimeAEueIndividualContributionOK;SumC;E;TP;CP;LP;Profitchoice;TimeAEueContributionEntryOK;Pr;TimeAEueContributionDisplayOK;TimeProfitchoiceContributionEntryOK
6;subjects;2;1;1;0;0;1;10443.937;10470.296;10472.64;10449.062;0;17;17;20;20;8;20;15;20;20;18;20;20;20;100;92;0.53;53;0;17;0;-;-;0;1;2;1;2;2;3;0;2;2;4;4;0;8;17;17;0;17;1;-;0;5;30
6;subjects;2;2;1;1;2;1;10443.937;10470.296;10473.156;10449.062;10456.046;20;17;20;20;8;20;15;20;20;18;20;20;20;100;92;0.53;53;0;17;0;-;-;0;1;2;1;2;2;3;0;2;2;4;4;6;8;20;19;0;19;2;-;2;5;29
6;subjects;2;3;1;2;4;1;10443.937;10470.296;10473.39;10449.062;0;20;17;20;20;8;20;15;20;20;18;20;20;20;100;92;0.53;53;0;17;0;-;-;0;1;2;1;2;2;3;0;2;2;4;4;0;8;20;18;0;18;3;-;4;5;29
6;subjects;2;4;1;1;2;1;10443.937;10470.296;10475.468;10449.062;10453.89;8;17;20;20;8;20;15;20;20;18;20;20;20;100;92;0.53;53;0;17;0;-;-;0;1;2;1;2;2;3;0;2;2;4;4;8;8;8;7;0;7;2;-;2;5;27
6;subjects;2;5;1;2;4;1;10443.937;10470.296;10471.953;10449.062;0;20;17;20;20;8;20;15;20;20;18;20;20;20;100;92;0.53;53;0;17;0;-;-;0;1;2;1;2;2;3;0;2;2;4;4;0;8;20;18;0;18;3;-;4;5;99999
6;subjects;2;6;1;4;6;1;10443.937;10470.296;10472.156;10449.062;10457.5;15;17;20;20;8;20;15;20;20;18;20;20;20;100;92;0.53;53;0;17;0;-;-;0;1;2;1;2;2;3;0;2;2;4;4;4;8;15;13;0;13;5;-;6;5;99999
6;subjects;2;7;2;2;5;1;10443.937;10470.296;10472.468;10449.062;10458.671;20;17;20;20;8;20;15;20;20;18;20;20;20;0;17;0.53;0;118;92;62.54000000000001;-;-;0;1;2;1;2;2;3;0;2;2;4;4;3;15;20;17;0;17;3;-;5;5;30
6;subjects;2;8;2;1;1;1;10443.937;10470.296;10481.25;10449.062;10460.75;20;17;20;20;8;20;15;20;20;18;20;20;20;0;17;0.53;0;118;92;62.54000000000001;-;-;0;1;2;1;2;2;3;0;2;2;4;4;1;15;20;20;0;20;2;-;1;5;21
6;subjects;2;9;2;1;3;1;10443.937;10470.296;10473.546;10449.062;10461.375;18;17;20;20;8;20;15;20;20;18;20;20;20;0;17;0.53;0;118;92;62.54000000000001;-;-;0;1;2;1;2;2;3;0;2;2;4;4;0;15;18;16;0;16;2;-;3;5;29
6;subjects;2;10;2;2;4;1;10443.937;10470.296;10474.046;10449.062;10460.921;20;17;20;20;8;20;15;20;20;18;20;20;20;0;17;0.53;0;118;92;62.54000000000001;-;-;0;1;2;1;2;2;3;0;2;2;4;4;1;15;20;18;0;18;3;-;4;5;29
6;subjects;2;11;2;4;8;1;10443.937;10470.296;10472.796;10449.062;0;20;17;20;20;8;20;15;20;20;18;20;20;20;0;17;0.53;0;118;92;62.54000000000001;-;-;0;1;2;1;2;2;3;0;2;2;4;4;0;15;20;16;0;16;5;-;8;5;30
6;subjects;2;12;2;4;8;1;10443.937;10470.296;10472.312;10449.062;10461.218;20;17;20;20;8;20;15;20;20;18;20;20;20;0;17;0.53;0;118;92;62.54000000000001;-;-;0;1;2;1;2;2;3;0;2;2;4;4;0;15;20;16;0;16;5;-;8;5;30
6;globals;Period;NumPeriods;RepeatTreatment;AuctionStop;AuctionNoStop;;;;;;;;;;;;;;;;;;;;;;;;;;;;;;;;;;;;;;;;;;;;;;;;;;;
6;globals;3;6;0;0;0;;;;;;;;;;;;;;;;;;;;;;;;;;;;;;;;;;;;;;;;;;;;;;;;;;;
6;subjects;Period;Subject;Group;Profit;TotalProfit;Participate;Time_Start;Time_SetValue_Start;Time_SetValue_End;Time_ShowRes_Start;Time_ShowRes_End;T2_Money;ex1;ex2;ex3;ex4;ex5;ex6;ex7;ex8;ex9;ex10;ex11;ex12;Stock1;Risk1;p;Th1;Stock2;Risk2;Th2;Time_ShowRes1_End;TimeAEueStageOK;vs1;vs2;vs3;vs4;vs5;vs6;vs7;vs8;vs9;vs10;vs11;vs12;TimeAEueIndividualContributionOK;SumC;E;TP;CP;LP;Profitchoice;TimeAEueContributionEntryOK;Pr;TimeAEueContributionDisplayOK;TimeProfitchoiceContributionEntryOK
6;subjects;3;1;1;1;1;1;10485.953;10511.468;10514.531;10490.671;10497.921;17;17;20;20;8;20;15;20;20;18;20;20;20;100;92;0.53;53;0;17;0;-;-;0;2;4;2;4;6;5;1;3;4;8;8;5;18;17;17;0;17;2;-;1;5;30
6;subjects;3;2;1;0;2;1;10485.953;10511.468;10520.375;10490.671;10496.984;20;17;20;20;8;20;15;20;20;18;20;20;20;100;92;0.53;53;0;17;0;-;-;0;2;4;2;4;6;5;1;3;4;8;8;6;18;20;18;0;18;1;-;2;5;24
6;subjects;3;3;1;3;7;1;10485.953;10511.468;10513.453;10490.687;0;20;17;20;20;8;20;15;20;20;18;20;20;20;100;92;0.53;53;0;17;0;-;-;0;2;4;2;4;6;5;1;3;4;8;8;0;18;20;16;0;16;4;-;7;5;30
6;subjects;3;4;1;2;4;1;10485.953;10511.468;10514.062;10490.687;10495.796;8;17;20;20;8;20;15;20;20;18;20;20;20;100;92;0.53;53;0;17;0;-;-;0;2;4;2;4;6;5;1;3;4;8;8;7;18;8;6;0;6;3;-;4;5;30
6;subjects;3;5;1;2;6;1;10485.953;10511.468;10514.296;10490.687;0;20;17;20;20;8;20;15;20;20;18;20;20;20;100;92;0.53;53;0;17;0;-;-;0;2;4;2;4;6;5;1;3;4;8;8;0;18;20;16;0;16;3;-;6;5;30
6;subjects;3;6;1;0;6;1;10485.953;10511.468;10514.687;10490.687;10499.5;15;17;20;20;8;20;15;20;20;18;20;20;20;100;92;0.53;53;0;17;0;-;-;0;2;4;2;4;6;5;1;3;4;8;8;3;18;15;9;0;9;1;-;6;5;30
6;subjects;3;7;2;2;7;1;10485.953;10511.468;10514.828;10490.687;10497.718;20;17;20;20;8;20;15;20;20;18;20;20;20;0;17;0.53;0;118;92;62.54000000000001;-;-;0;2;4;2;4;6;5;1;3;4;8;8;5;29;20;15;0;15;3;-;7;5;30
6;subjects;3;8;2;2;3;1;10485.953;10511.468;10518.406;10490.687;0;20;17;20;20;8;20;15;20;20;18;20;20;20;0;17;0.53;0;118;92;62.54000000000001;-;-;0;2;4;2;4;6;5;1;3;4;8;8;0;29;20;19;0;19;3;-;3;5;26
6;subjects;3;9;2;2;5;1;10485.953;10511.468;10514.984;10490.687;10500.796;18;17;20;20;8;20;15;20;20;18;20;20;20;0;17;0.53;0;118;92;62.54000000000001;-;-;0;2;4;2;4;6;5;1;3;4;8;8;2;29;18;15;0;15;3;-;5;2;30
6;subjects;3;10;2;3;7;1;10485.953;10511.468;10515.187;10490.687;10501.234;20;17;20;20;8;20;15;20;20;18;20;20;20;0;17;0.53;0;118;92;62.54000000000001;-;-;0;2;4;2;4;6;5;1;3;4;8;8;2;29;20;16;0;16;4;-;7;5;30
6;subjects;3;11;2;4;12;1;10485.953;10511.468;10516.453;10490.687;0;20;17;20;20;8;20;15;20;20;18;20;20;20;0;17;0.53;0;118;92;62.54000000000001;-;-;0;2;4;2;4;6;5;1;3;4;8;8;0;29;20;12;0;12;5;-;12;0;28
6;subjects;3;12;2;1;9;1;10485.953;10511.468;10515.437;10490.687;10498.812;20;17;20;20;8;20;15;20;20;18;20;20;20;0;17;0.53;0;118;92;62.54000000000001;-;-;0;2;4;2;4;6;5;1;3;4;8;8;4;29;20;12;0;12;2;-;9;5;28
6;globals;Period;NumPeriods;RepeatTreatment;AuctionStop;AuctionNoStop;;;;;;;;;;;;;;;;;;;;;;;;;;;;;;;;;;;;;;;;;;;;;;;;;;;
6;globals;4;6;0;0;0;;;;;;;;;;;;;;;;;;;;;;;;;;;;;;;;;;;;;;;;;;;;;;;;;;;
6;subjects;Period;Subject;Group;Profit;TotalProfit;Participate;Time_Start;Time_SetValue_Start;Time_SetValue_End;Time_ShowRes_Start;Time_ShowRes_End;T2_Money;ex1;ex2;ex3;ex4;ex5;ex6;ex7;ex8;ex9;ex10;ex11;ex12;Stock1;Risk1;p;Th1;Stock2;Risk2;Th2;Time_ShowRes1_End;TimeAEueStageOK;vs1;vs2;vs3;vs4;vs5;vs6;vs7;vs8;vs9;vs10;vs11;vs12;TimeAEueIndividualContributionOK;SumC;E;TP;CP;LP;Profitchoice;TimeAEueContributionEntryOK;Pr;TimeAEueContributionDisplayOK;TimeProfitchoiceContributionEntryOK
6;subjects;4;1;1;4;5;1;10528.859;10555.171;10557.64;10533.859;0;17;17;20;20;8;20;15;20;20;18;20;20;20;100;92;0.53;53;0;17;0;-;-;1;2;7;4;6;6;7;3;5;7;12;9;0;26;17;16;0;16;5;-;5;3;30
6;subjects;4;2;1;1;3;1;10528.859;10555.171;10560.515;10533.859;10539.453;20;17;20;20;8;20;15;20;20;18;20;20;20;100;92;0.53;53;0;17;0;-;-;1;2;7;4;6;6;7;3;5;7;12;9;7;26;20;18;0;18;2;-;3;5;27
6;subjects;4;3;1;3;10;1;10528.859;10555.171;10557.093;10533.859;10543.375;20;17;20;20;8;20;15;20;20;18;20;20;20;100;92;0.53;53;0;17;0;-;-;1;2;7;4;6;6;7;3;5;7;12;9;3;26;20;13;0;13;4;-;10;5;30
6;subjects;4;4;1;0;4;1;10528.859;10555.171;10558.609;10533.859;10542.453;8;17;20;20;8;20;15;20;20;18;20;20;20;100;92;0.53;53;0;17;0;-;-;1;2;7;4;6;6;7;3;5;7;12;9;4;26;8;4;0;4;1;-;4;5;29
6;subjects;4;5;1;3;9;1;10528.859;10555.171;10560.656;10533.859;0;20;17;20;20;8;20;15;20;20;18;20;20;20;100;92;0.53;53;0;17;0;-;-;1;2;7;4;6;6;7;3;5;7;12;9;0;26;20;14;0;14;4;-;9;4;27
6;subjects;4;6;1;4;10;1;10528.859;10555.171;10557.453;10533.859;10545.781;15;17;20;20;8;20;15;20;20;18;20;20;20;100;92;0.53;53;0;17;0;-;-;1;2;7;4;6;6;7;3;5;7;12;9;1;26;15;9;0;9;5;-;10;4;30
6;subjects;4;7;2;4;11;1;10528.859;10555.171;10556.859;10533.859;10543.937;20;17;20;20;8;20;15;20;20;18;20;20;20;0;17;0.53;0;118;92;62.54000000000001;-;-;1;2;7;4;6;6;7;3;5;7;12;9;3;43;20;13;0;13;5;-;11;4;99999
6;subjects;4;8;2;2;5;1;10528.859;10555.171;10557.875;10533.859;0;20;17;20;20;8;20;15;20;20;18;20;20;20;0;17;0.53;0;118;92;62.54000000000001;-;-;1;2;7;4;6;6;7;3;5;7;12;9;0;43;20;17;0;17;3;-;5;4;30
6;subjects;4;9;2;3;8;1;10528.859;10555.171;10560.156;10533.859;0;18;17;20;20;8;20;15;20;20;18;20;20;20;0;17;0.53;0;118;92;62.54000000000001;-;-;1;2;7;4;6;6;7;3;5;7;12;9;0;43;18;13;0;13;4;-;8;4;27
6;subjects;4;10;2;2;9;1;10528.859;10555.171;10559.718;10533.859;0;20;17;20;20;8;20;15;20;20;18;20;20;20;0;17;0.53;0;118;92;62.54000000000001;-;-;1;2;7;4;6;6;7;3;5;7;12;9;0;43;20;13;0;13;3;-;9;4;28
6;subjects;4;11;2;1;13;1;10528.859;10555.171;10559.546;10533.859;0;20;17;20;20;8;20;15;20;20;18;20;20;20;0;17;0.53;0;118;92;62.54000000000001;-;-;1;2;7;4;6;6;7;3;5;7;12;9;0;43;20;8;0;8;2;-;13;0;28
6;subjects;4;12;2;2;11;1;10528.859;10555.171;10560.359;10533.859;0;20;17;20;20;8;20;15;20;20;18;20;20;20;0;17;0.53;0;118;92;62.54000000000001;-;-;1;2;7;4;6;6;7;3;5;7;12;9;0;43;20;11;0;11;3;-;11;5;27
6;globals;Period;NumPeriods;RepeatTreatment;AuctionStop;AuctionNoStop;;;;;;;;;;;;;;;;;;;;;;;;;;;;;;;;;;;;;;;;;;;;;;;;;;;
6;globals;5;6;0;0;0;;;;;;;;;;;;;;;;;;;;;;;;;;;;;;;;;;;;;;;;;;;;;;;;;;;
6;subjects;Period;Subject;Group;Profit;TotalProfit;Participate;Time_Start;Time_SetValue_Start;Time_SetValue_End;Time_ShowRes_Start;Time_ShowRes_End;T2_Money;ex1;ex2;ex3;ex4;ex5;ex6;ex7;ex8;ex9;ex10;ex11;ex12;Stock1;Risk1;p;Th1;Stock2;Risk2;Th2;Time_ShowRes1_End;TimeAEueStageOK;vs1;vs2;vs3;vs4;vs5;vs6;vs7;vs8;vs9;vs10;vs11;vs12;TimeAEueIndividualContributionOK;SumC;E;TP;CP;LP;Profitchoice;TimeAEueContributionEntryOK;Pr;TimeAEueContributionDisplayOK;TimeProfitchoiceContributionEntryOK
6;subjects;5;1;1;4;9;1;10568.765;10595.234;10597.89;10573.984;0;17;17;20;20;8;20;15;20;20;18;20;20;20;100;92;0.53;53;0;17;0;-;-;5;3;10;4;9;10;11;5;8;9;13;11;0;41;17;12;0;12;5;-;9;5;30
6;subjects;5;2;1;1;4;1;10568.765;10595.234;10597.078;10573.984;10582.312;20;17;20;20;8;20;15;20;20;18;20;20;20;100;92;0.53;53;0;17;0;-;-;5;3;10;4;9;10;11;5;8;9;13;11;4;41;20;17;0;17;2;-;4;5;99999
6;subjects;5;3;1;4;14;1;10568.765;10595.234;10596.921;10573.984;10583.281;20;17;20;20;8;20;15;20;20;18;20;20;20;100;92;0.53;53;0;17;0;-;-;5;3;10;4;9;10;11;5;8;9;13;11;3;41;20;10;0;10;5;-;14;5;99999
6;subjects;5;4;1;3;7;1;10568.765;10595.234;10597.296;10573.984;10584.875;8;17;20;20;8;20;15;20;20;18;20;20;20;100;92;0.53;53;0;17;0;-;-;5;3;10;4;9;10;11;5;8;9;13;11;2;41;8;4;0;4;4;-;7;5;99999
6;subjects;5;5;1;3;12;1;10568.765;10595.234;10600.453;10573.984;0;20;17;20;20;8;20;15;20;20;18;20;20;20;100;92;0.53;53;0;17;0;-;-;5;3;10;4;9;10;11;5;8;9;13;11;0;41;20;11;0;11;4;-;12;5;27
6;subjects;5;6;1;0;10;1;10568.765;10595.234;10599.421;10573.984;10583.64;15;17;20;20;8;20;15;20;20;18;20;20;20;100;92;0.53;53;0;17;0;-;-;5;3;10;4;9;10;11;5;8;9;13;11;3;41;15;5;0;5;1;-;10;5;28
6;subjects;5;7;2;1;12;1;10568.765;10595.234;10599.25;10573.984;10581.578;20;17;20;20;8;20;15;20;20;18;20;20;20;0;17;0.53;0;118;92;62.54000000000001;-;-;5;3;10;4;9;10;11;5;8;9;13;11;5;57;20;9;0;9;2;-;12;5;28
6;subjects;5;8;2;1;6;1;10568.765;10595.234;10602.453;10573.984;0;20;17;20;20;8;20;15;20;20;18;20;20;20;0;17;0.53;0;118;92;62.54000000000001;-;-;5;3;10;4;9;10;11;5;8;9;13;11;0;57;20;15;0;15;2;-;6;5;25
6;subjects;5;9;2;1;9;1;10568.765;10595.234;10598.203;10573.984;10584.5;18;17;20;20;8;20;15;20;20;18;20;20;20;0;17;0.53;0;118;92;62.54000000000001;-;-;5;3;10;4;9;10;11;5;8;9;13;11;2;57;18;10;0;10;2;-;9;5;30
6;subjects;5;10;2;2;11;1;10568.765;10595.234;10597.453;10573.984;10584.203;20;17;20;20;8;20;15;20;20;18;20;20;20;0;17;0.53;0;118;92;62.54000000000001;-;-;5;3;10;4;9;10;11;5;8;9;13;11;2;57;20;11;0;11;3;-;11;5;99999
6;subjects;5;11;2;2;15;1;10568.765;10595.234;10597.609;10573.984;0;20;17;20;20;8;20;15;20;20;18;20;20;20;0;17;0.53;0;118;92;62.54000000000001;-;-;5;3;10;4;9;10;11;5;8;9;13;11;0;57;20;7;0;7;3;-;15;5;99999
6;subjects;5;12;2;2;13;1;10568.765;10595.234;10599.609;10573.984;10586.921;20;17;20;20;8;20;15;20;20;18;20;20;20;0;17;0.53;0;118;92;62.54000000000001;-;-;5;3;10;4;9;10;11;5;8;9;13;11;0;57;20;9;0;9;3;-;13;5;28
6;globals;Period;NumPeriods;RepeatTreatment;AuctionStop;AuctionNoStop;;;;;;;;;;;;;;;;;;;;;;;;;;;;;;;;;;;;;;;;;;;;;;;;;;;
6;globals;6;6;0;0;0;;;;;;;;;;;;;;;;;;;;;;;;;;;;;;;;;;;;;;;;;;;;;;;;;;;
6;subjects;Period;Subject;Group;Profit;TotalProfit;Participate;Time_Start;Time_SetValue_Start;Time_SetValue_End;Time_ShowRes_Start;Time_ShowRes_End;T2_Money;ex1;ex2;ex3;ex4;ex5;ex6;ex7;ex8;ex9;ex10;ex11;ex12;Stock1;Risk1;p;Th1;Stock2;Risk2;Th2;Time_ShowRes1_End;TimeAEueStageOK;vs1;vs2;vs3;vs4;vs5;vs6;vs7;vs8;vs9;vs10;vs11;vs12;TimeAEueIndividualContributionOK;SumC;E;TP;CP;LP;Profitchoice;TimeAEueContributionEntryOK;Pr;TimeAEueContributionDisplayOK;TimeProfitchoiceContributionEntryOK
6;subjects;6;1;1;4;13;1;10606.953;10632.937;0;10611.625;0;17;17;20;20;8;20;15;20;20;18;20;20;20;100;92;0.53;53;0;17;0;-;-;9;4;14;7;12;10;12;6;9;11;15;13;0;56;17;8;8;8;-;21;13;-;-
6;subjects;6;2;1;4;8;1;10606.953;10632.937;0;10611.625;10621.156;20;17;20;20;8;20;15;20;20;18;20;20;20;100;92;0.53;53;0;17;0;-;-;9;4;14;7;12;10;12;6;9;11;15;13;3;56;20;16;16;16;-;28;8;-;-
6;subjects;6;3;1;4;18;1;10606.953;10632.937;0;10611.625;0;20;17;20;20;8;20;15;20;20;18;20;20;20;100;92;0.53;53;0;17;0;-;-;9;4;14;7;12;10;12;6;9;11;15;13;0;56;20;6;6;6;-;29;18;-;-
6;subjects;6;4;1;4;11;1;10606.953;10632.937;0;10611.625;10622.078;8;17;20;20;8;20;15;20;20;18;20;20;20;100;92;0.53;53;0;17;0;-;-;9;4;14;7;12;10;12;6;9;11;15;13;2;56;8;1;1;1;-;23;11;-;-
6;subjects;6;5;1;4;16;1;10606.953;10632.937;0;10611.625;0;20;17;20;20;8;20;15;20;20;18;20;20;20;100;92;0.53;53;0;17;0;-;-;9;4;14;7;12;10;12;6;9;11;15;13;0;56;20;8;8;8;-;21;16;-;-
6;subjects;6;6;1;4;14;1;10606.953;10632.937;0;10611.625;0;15;17;20;20;8;20;15;20;20;18;20;20;20;100;92;0.53;53;0;17;0;-;-;9;4;14;7;12;10;12;6;9;11;15;13;0;56;15;5;5;5;-;24;14;-;-
6;subjects;6;7;2;4;16;1;10606.953;10632.937;0;10611.625;10622.234;20;17;20;20;8;20;15;20;20;18;20;20;20;0;17;0.53;0;118;92;62.54000000000001;-;-;9;4;14;7;12;10;12;6;9;11;15;13;2;66;20;8;8;8;-;23;16;-;-
6;subjects;6;8;2;4;10;1;10606.953;10632.937;0;10611.625;10623.171;20;17;20;20;8;20;15;20;20;18;20;20;20;0;17;0.53;0;118;92;62.54000000000001;-;-;9;4;14;7;12;10;12;6;9;11;15;13;1;66;20;14;14;14;-;23;10;-;-
6;subjects;6;9;2;4;13;1;10606.953;10632.937;0;10611.625;10620.328;18;17;20;20;8;20;15;20;20;18;20;20;20;0;17;0.53;0;118;92;62.54000000000001;-;-;9;4;14;7;12;10;12;6;9;11;15;13;4;66;18;9;9;9;-;23;13;-;-
6;subjects;6;10;2;4;15;1;10606.953;10632.937;0;10611.625;10618.218;20;17;20;20;8;20;15;20;20;18;20;20;20;0;17;0.53;0;118;92;62.54000000000001;-;-;9;4;14;7;12;10;12;6;9;11;15;13;6;66;20;9;9;9;-;23;15;-;-
6;subjects;6;11;2;4;19;1;10606.953;10632.937;0;10611.625;0;20;17;20;20;8;20;15;20;20;18;20;20;20;0;17;0.53;0;118;92;62.54000000000001;-;-;9;4;14;7;12;10;12;6;9;11;15;13;0;66;20;5;5;5;-;23;19;-;-
6;subjects;6;12;2;4;17;1;10606.953;10632.937;0;10611.625;10618.75;20;17;20;20;8;20;15;20;20;18;20;20;20;0;17;0.53;0;118;92;62.54000000000001;-;-;9;4;14;7;12;10;12;6;9;11;15;13;5;66;20;7;7;7;-;29;17;-;-
6;summary;Period;;;;;;;;;;;;;;;;;;;;;;;;;;;;;;;;;;;;;;;;;;;;;;;;;;;;;;;
6;summary;1;;;;;;;;;;;;;;;;;;;;;;;;;;;;;;;;;;;;;;;;;;;;;;;;;;;;;;;
6;summary;2;;;;;;;;;;;;;;;;;;;;;;;;;;;;;;;;;;;;;;;;;;;;;;;;;;;;;;;
6;summary;3;;;;;;;;;;;;;;;;;;;;;;;;;;;;;;;;;;;;;;;;;;;;;;;;;;;;;;;
6;summary;4;;;;;;;;;;;;;;;;;;;;;;;;;;;;;;;;;;;;;;;;;;;;;;;;;;;;;;;
6;summary;5;;;;;;;;;;;;;;;;;;;;;;;;;;;;;;;;;;;;;;;;;;;;;;;;;;;;;;;
6;summary;6;;;;;;;;;;;;;;;;;;;;;;;;;;;;;;;;;;;;;;;;;;;;;;;;;;;;;;;
6;NEW_SESSION;Period;Subject;Money;;;;;;;;;;;;;;;;;;;;;;;;;;;;;;;;;;;;;;;;;;;;;;;;;;;;;
6;NEW_SESSION;5;0;0;;;;;;;;;;;;;;;;;;;;;;;;;;;;;;;;;;;;;;;;;;;;;;;;;;;;;
6;NEW_SESSION;5;0;0;;;;;;;;;;;;;;;;;;;;;;;;;;;;;;;;;;;;;;;;;;;;;;;;;;;;;
6;NEW_SESSION;5;0;0;;;;;;;;;;;;;;;;;;;;;;;;;;;;;;;;;;;;;;;;;;;;;;;;;;;;;
6;NEW_SESSION;5;0;0;;;;;;;;;;;;;;;;;;;;;;;;;;;;;;;;;;;;;;;;;;;;;;;;;;;;;
6;NEW_SESSION;5;0;0;;;;;;;;;;;;;;;;;;;;;;;;;;;;;;;;;;;;;;;;;;;;;;;;;;;;;
6;NEW_SESSION;5;0;0;;;;;;;;;;;;;;;;;;;;;;;;;;;;;;;;;;;;;;;;;;;;;;;;;;;;;
6;NEW_SESSION;5;0;0;;;;;;;;;;;;;;;;;;;;;;;;;;;;;;;;;;;;;;;;;;;;;;;;;;;;;
6;NEW_SESSION;5;0;0;;;;;;;;;;;;;;;;;;;;;;;;;;;;;;;;;;;;;;;;;;;;;;;;;;;;;
6;NEW_SESSION;5;0;0;;;;;;;;;;;;;;;;;;;;;;;;;;;;;;;;;;;;;;;;;;;;;;;;;;;;;
6;NEW_SESSION;5;0;0;;;;;;;;;;;;;;;;;;;;;;;;;;;;;;;;;;;;;;;;;;;;;;;;;;;;;
6;NEW_SESSION;5;0;0;;;;;;;;;;;;;;;;;;;;;;;;;;;;;;;;;;;;;;;;;;;;;;;;;;;;;
6;NEW_SESSION;5;0;0;;;;;;;;;;;;;;;;;;;;;;;;;;;;;;;;;;;;;;;;;;;;;;;;;;;;;
6;NEW_SESSION;5;1;17;;;;;;;;;;;;;;;;;;;;;;;;;;;;;;;;;;;;;;;;;;;;;;;;;;;;;
6;NEW_SESSION;5;2;20;;;;;;;;;;;;;;;;;;;;;;;;;;;;;;;;;;;;;;;;;;;;;;;;;;;;;
6;NEW_SESSION;5;3;20;;;;;;;;;;;;;;;;;;;;;;;;;;;;;;;;;;;;;;;;;;;;;;;;;;;;;
6;NEW_SESSION;5;4;8;;;;;;;;;;;;;;;;;;;;;;;;;;;;;;;;;;;;;;;;;;;;;;;;;;;;;
6;NEW_SESSION;5;5;20;;;;;;;;;;;;;;;;;;;;;;;;;;;;;;;;;;;;;;;;;;;;;;;;;;;;;
6;NEW_SESSION;5;6;15;;;;;;;;;;;;;;;;;;;;;;;;;;;;;;;;;;;;;;;;;;;;;;;;;;;;;
6;NEW_SESSION;5;7;20;;;;;;;;;;;;;;;;;;;;;;;;;;;;;;;;;;;;;;;;;;;;;;;;;;;;;
6;NEW_SESSION;5;8;20;;;;;;;;;;;;;;;;;;;;;;;;;;;;;;;;;;;;;;;;;;;;;;;;;;;;;
6;NEW_SESSION;5;9;18;;;;;;;;;;;;;;;;;;;;;;;;;;;;;;;;;;;;;;;;;;;;;;;;;;;;;
6;NEW_SESSION;5;10;20;;;;;;;;;;;;;;;;;;;;;;;;;;;;;;;;;;;;;;;;;;;;;;;;;;;;;
6;NEW_SESSION;5;11;20;;;;;;;;;;;;;;;;;;;;;;;;;;;;;;;;;;;;;;;;;;;;;;;;;;;;;
6;NEW_SESSION;5;12;20;;;;;;;;;;;;;;;;;;;;;;;;;;;;;;;;;;;;;;;;;;;;;;;;;;;;;
6;session;Subject;FinalProfit;ShowUpFee;ShowUpFeeInvested;MoneyAdded;MoneyToPay;MoneyEarned;Participate;;;;;;;;;;;;;;;;;;;;;;;;;;;;;;;;;;;;;;;;;;;;;;;;
6;session;1;66;0;0;0;66;66;1;;;;;;;;;;;;;;;;;;;;;;;;;;;;;;;;;;;;;;;;;;;;;;;;
6;session;2;54;0;0;0;54;54;1;;;;;;;;;;;;;;;;;;;;;;;;;;;;;;;;;;;;;;;;;;;;;;;;
6;session;3;71;0;0;0;71;71;1;;;;;;;;;;;;;;;;;;;;;;;;;;;;;;;;;;;;;;;;;;;;;;;;
6;session;4;54;0;0;0;54;54;1;;;;;;;;;;;;;;;;;;;;;;;;;;;;;;;;;;;;;;;;;;;;;;;;
6;session;5;70;0;0;0;70;70;1;;;;;;;;;;;;;;;;;;;;;;;;;;;;;;;;;;;;;;;;;;;;;;;;
6;session;6;59;0;0;0;59;59;1;;;;;;;;;;;;;;;;;;;;;;;;;;;;;;;;;;;;;;;;;;;;;;;;
6;session;7;71;0;0;0;71;71;1;;;;;;;;;;;;;;;;;;;;;;;;;;;;;;;;;;;;;;;;;;;;;;;;
6;session;8;34;0;0;0;34;34;1;;;;;;;;;;;;;;;;;;;;;;;;;;;;;;;;;;;;;;;;;;;;;;;;
6;session;9;53;0;0;0;53;53;1;;;;;;;;;;;;;;;;;;;;;;;;;;;;;;;;;;;;;;;;;;;;;;;;
6;session;10;54;0;0;0;54;54;1;;;;;;;;;;;;;;;;;;;;;;;;;;;;;;;;;;;;;;;;;;;;;;;;
6;session;11;78;0;0;0;78;78;1;;;;;;;;;;;;;;;;;;;;;;;;;;;;;;;;;;;;;;;;;;;;;;;;
6;session;12;53;0;0;0;53;53;1;;;;;;;;;;;;;;;;;;;;;;;;;;;;;;;;;;;;;;;;;;;;;;;;